date,logreg,hgb,buy_hold,prev_day
2020-02-14,1.0000894067831407,0.9983503927613654,0.9983503927613654,0.9968039240460643
2020-02-17,1.0008449804080315,0.9997444202987648,0.9993043226291459,0.9992082489864765
2020-02-18,1.007490678787848,1.0061828619789472,1.00684125980195,0.9981601115691316
2020-02-19,1.0028160731335856,0.9993269201690819,0.9991129040619314,0.9932946984541681
2020-02-20,0.9852707305554047,0.9825307782271601,0.9820319975594102,0.986470196661782
2020-02-24,0.9838183197231067,0.9766878810804541,0.9814101291394228,0.9862729026224497
2020-02-25,0.9733193211164913,0.9699833122440831,0.9683662956225744,0.9761433132032983
2020-02-26,0.9663714613887785,0.9626712726730229,0.9616474654092385,0.9755576272153763
2020-02-27,0.9269023114821049,0.9233532481968285,0.9223712559120499,0.9718163802667558
2020-02-28,0.9312399223192382,0.927183823233336,0.9266876628364291,0.9716220169907024
2020-03-02,0.9432922189020748,0.935050883878103,0.9386810431506503,0.9794774823928886
2020-03-03,0.9425661155137948,0.9391711738858126,0.9379584892354498,0.9785276297403368
2020-03-04,0.9402874235813323,0.9367128551280816,0.9356909364269761,0.9808017402383497
2020-03-05,0.9204149679346012,0.9224654336578926,0.9159156249989326,0.9768129141838332
2020-03-06,0.8612682186009485,0.8753792595128259,0.8570580077611859,0.9764221890181597
2020-03-09,0.8652033183510401,0.8810343682403444,0.8609738712277766,0.9764221890181597
2020-03-11,0.7922781379483813,0.8378140494961783,0.7884051771999682,0.9275137170478883
2020-03-12,0.8201932204325335,0.8669984160570301,0.8161838000071818,0.9269572088176595
2020-03-13,0.8193730272121009,0.7978392775643612,0.7510780657696507,0.8520882918611538
2020-03-16,0.7871764243400877,0.767286665310911,0.7223161364427503,0.8512362035692926
2020-03-17,0.7537221005538342,0.7346776392470206,0.6916183193366938,0.8512362035692926
2020-03-18,0.7412777562975316,0.726214024292454,0.6832795513697387,0.8512362035692926
2020-03-19,0.7570284992696827,0.7448573990245794,0.7225419669811531,0.8608548073133715
2020-03-20,0.7568770935698288,0.7256298082015595,0.6347455331046373,0.777268637969786
2020-03-23,0.793438270626112,0.760826701643499,0.6660418537054549,0.7766468230594101
2020-03-24,0.8112106360082887,0.7600658749418555,0.7176559321366991,0.8181932092552209
2020-03-25,0.8110483938810871,0.7576594640024654,0.7410504825301728,0.8447014915275178
2020-03-26,0.8107949100819284,0.7575741981889234,0.7508386051047292,0.8557848035677629
2020-03-27,0.8054459236872435,0.7388886141049902,0.7123428398981482,0.8175542033250738
2020-03-30,0.8329683777666296,0.7680919314087992,0.7409243862743455,0.8169001599624137
2020-03-31,0.7991621128150833,0.757605521756872,0.7067195605983881,0.7783710072652135
2020-04-01,0.773896486646027,0.732626894972744,0.6839840446373477,0.7775926362579483
2020-04-03,0.8362472177271737,0.8091481149966165,0.7554246291035512,0.7775926362579483
2020-04-07,0.835578219952992,0.8083389668816199,0.7414645293391909,0.76244528341004
2020-04-08,0.846152211522329,0.8304448782208071,0.7683655856803812,0.76168283812663
2020-04-09,0.8298020482836134,0.8302468104483061,0.7538258363427073,0.7465078632989061
2020-04-13,0.8148762629706567,0.8140529374395241,0.740266647594157,0.7462971440016368
2020-04-15,0.8161736472360732,0.8179260258573035,0.7469059058085413,0.74274695710604
2020-04-16,0.8288449374681499,0.8354767702765027,0.7829237059979812,0.7689994328214567
2020-04-17,0.841277671854823,0.8416669764450597,0.7926515621999667,0.7782466796375752
2020-04-20,0.8293159490937305,0.8276092670758453,0.7630767532977866,0.7617408361310312
2020-04-21,0.8375901437046306,0.8524239865876805,0.786567016017767,0.7611314434621264
2020-04-22,0.8517827765514234,0.8565797450014887,0.8186805590546545,0.7914453849223025
2020-04-23,0.8514420634408029,0.8564084290524884,0.8025538597860984,0.7758551750792023
2020-04-24,0.8528135995124103,0.8659879366879008,0.8120279427736602,0.7766306838140087
2020-04-27,0.8523019113527028,0.8670589845065408,0.8187538020061051,0.7823133472171494
2020-04-28,0.8603231397482288,0.8840745318259121,0.8395073345889636,0.7980517780282782
2020-04-29,0.8599790104923296,0.8835440871068165,0.8719953020684047,0.8244079478632825
2020-04-30,0.8599790104923296,0.8835440871068165,0.8178385963567874,0.7730418516423405
2020-05-04,0.8536804408573203,0.8800296828908835,0.8154033823291367,0.7722688097906982
2020-05-05,0.8529974965046344,0.8875227932515662,0.822520522991622,0.7696409787141288
2020-05-06,0.8525834578742915,0.8912367425591748,0.820495564883083,0.7684703198579361
2020-05-07,0.8524129411827166,0.8940276627824467,0.8300845618741844,0.7737571177183636
2020-05-08,0.8524129411827166,0.8816487289133015,0.8264997172400861,0.7697965259027878
2020-05-11,0.8528015883940988,0.8831008753148419,0.8166059140023892,0.7621642656144801
2020-05-12,0.8665162935534543,0.9023800336185489,0.8349233705675794,0.7713085543371477
2020-05-13,0.8661696870360329,0.8881002631957855,0.8040889701401516,0.7425149774890553
2020-05-14,0.8595137456331432,0.8816310399191258,0.8011796257668674,0.7417724625115663
2020-05-15,0.8444973799339656,0.8578308646696777,0.7851347048644923,0.7397282468687641
2020-05-18,0.8453313828812455,0.8547137454602571,0.7828419424418264,0.7405636638140716
2020-05-19,0.8567740135969112,0.8576602008913997,0.7939929843786322,0.7436409597042049
2020-05-20,0.8595353765060962,0.8607674840421772,0.7983185793903016,0.7473947854966849
2020-05-21,0.8513366496595587,0.8568750235727579,0.7935201214497596,0.7493085882946774
2020-05-22,0.8445692426480782,0.8593741952296631,0.7873710110086469,0.740717190866429
2020-05-26,0.8839624240889418,0.899114173313351,0.8240962995127469,0.7622668981836308
2020-05-27,0.8865206849097318,0.9017162845573614,0.8392368212065208,0.7758141131353002
2020-05-28,0.883230667625412,0.8976996218205419,0.8377622717540478,0.7767692002958646
2020-05-29,0.9090848234816057,0.9198494894127615,0.8624530174559797,0.78575179445565
2020-06-01,0.9156654139627307,0.9215460640831208,0.8734467874668057,0.7952963956612451
2020-06-02,0.9226440631022398,0.9216289789132297,0.8808810163103447,0.8020654575991047
2020-06-03,0.9249471873981842,0.9315405101776314,0.8827217722311365,0.8021634431999854
2020-06-04,0.9356170673496522,0.9358031216585098,0.8885550713951984,0.7976016832312005
2020-06-05,0.9401734590503473,0.9403604194310781,0.8918856969309915,0.7942005554833917
2020-06-08,0.9243725848937419,0.9339429460856415,0.8768314773107045,0.7879055469076637
2020-06-09,0.9342482753768886,0.9368149653048023,0.8865499869401443,0.7903814012544387
2020-06-10,0.9201690220589746,0.9270889880539481,0.8662030201976245,0.774395145354551
2020-06-11,0.9245796018484027,0.9342962847920893,0.8707014098516938,0.7737756292382674
2020-06-12,0.9219520074825901,0.9253854920139335,0.859114224744753,0.7647488089051077
2020-06-15,0.941159400651606,0.9448494934313447,0.8776913624788472,0.7647413117372535
2020-06-16,0.9407787430407125,0.9453165822664529,0.8757332478728437,0.7624233937374053
2020-06-17,0.9500721722648934,0.9478815444875688,0.8942787373228164,0.7634648388711006
2020-06-18,0.9502981857056768,0.9460792996405374,0.912281910232442,0.7777367526322481
2020-06-19,0.9480620068391088,0.9443492024602028,0.9100121071963905,0.7758984798741355
2020-06-22,0.9556242272880485,0.9508195797507222,0.9190794978271993,0.7790638560306327
2020-06-23,0.9542841040042185,0.9508938161282209,0.9033514651096479,0.7646351800038057
2020-06-24,0.9487120000660253,0.9498574623103917,0.8973976958894954,0.7611883582262545
2020-06-25,0.9786552525704204,0.9663103355259514,0.9251087821773063,0.7599075655223578
2020-06-26,0.977872328368364,0.9603560898767752,0.9178262676050716,0.7557777443274736
2020-06-29,0.9813531838945819,0.9638174897613614,0.9178746691674536,0.7538914531027314
2020-06-30,0.9851502861945496,0.9639629871110499,0.9311568616995166,0.7580149955105192
2020-07-01,0.9986057044936957,0.9732099471239272,0.9466532659172555,0.764907298080942
2020-07-02,0.9941558421839298,0.9716295598875926,0.9512226024498197,0.7690733739432847
2020-07-03,1.000002306790098,0.9891257930513125,0.9694365935323388,0.7791229684495555
2020-07-06,1.0076508725600088,0.9970790194068231,0.9826803314336611,0.789455130787227
2020-07-07,1.0051817748491296,0.9915967478467039,0.9679221017778827,0.7796446225762961
2020-07-08,1.0114181626832897,0.9924441276562734,0.9745080749613343,0.7812271455498547
2020-07-09,1.0051470608611135,0.9848060271417789,0.9731832251530865,0.7784205298740432
2020-07-10,0.9966598760319401,0.985898460264981,0.9746408961991873,0.7855365099566529
2020-07-13,0.9881731090469396,0.9808179635479086,0.956934334932724,0.7811978060900417
2020-07-14,0.9913668694278602,0.9774405151936966,0.9658687600529496,0.7808853269676058
2020-07-15,0.9920807035280236,0.9781443216170735,0.9860042574538358,0.79535272771529
2020-07-16,1.0043030858692592,0.9899476220393173,1.0005094246688977,0.7966182227904847
2020-07-17,1.0165038114333118,0.9899968731274451,1.020425670769102,0.8058257992878578
2020-07-20,1.02672858370814,0.9999550183568732,1.037910219896934,0.8193109428290303
2020-07-21,1.0180852439943633,0.9972120834801904,1.0330045315229341,0.8154384651427363
2020-07-22,1.025994773284901,0.9950153578341122,1.0412365700313815,0.8240990272114369
2020-07-23,1.0255962946654584,0.9891282171222163,1.0446416162566012,0.8249719657421419
2020-07-24,1.010106902897824,0.97438742165018,1.0360565155161188,0.8298265873508464
2020-07-27,1.0076364304183874,0.9812904549359839,1.0486086531819836,0.8415778077715845
2020-07-28,1.0029461120472214,0.9738592476535031,1.0309672026291004,0.8277529926211863
2020-07-29,0.9992363251136107,0.9686664014551867,1.0277723490968014,0.8270907902270893
2020-07-30,0.9937022411560402,0.9625785506600589,1.0224571546943428,0.8242403905323015
2020-07-31,0.9757102518141187,0.949455642381755,1.0041490198395338,0.818701319788474
2020-08-03,0.9997694190285552,0.9724876383861057,1.0289094332221067,0.8182100989966009
2020-08-04,0.9987690098047991,0.9725562967604863,1.0242973203915111,0.8142259285893033
2020-08-05,1.0149854426498233,0.9862469239603249,1.0415428199941603,0.8202685126443152
2020-08-06,1.0119475447265296,0.9830977923551021,1.0374831012285544,0.8165791143135518
2020-08-07,1.0127109236656815,0.9851110956427608,1.0384732399465364,0.815129155871908
2020-08-10,1.0183706273683506,0.9893732901641206,1.044276920645441,0.8183298526521713
2020-08-11,1.0163196122071554,0.987757762358568,1.0421737297843052,0.8168515407555754
2020-08-12,1.0145063715712321,0.9857979280638914,1.0403143621859248,0.8155565144412177
2020-08-13,1.0047433539535664,0.9761859427630082,1.0303029835188773,0.8122831674466938
2020-08-14,1.0034418446127977,0.9766494971035948,1.02896836512942,0.812622691454681
2020-08-17,1.0194391643612668,0.991633691538302,1.0453726401119792,0.8153452659151429
2020-08-18,1.0202700591968241,0.9933926349898786,1.0484324850487106,0.8172426049381406
2020-08-19,1.0104362459545178,0.9852335894462679,1.0385369164103764,0.8101809619473449
2020-08-20,1.0142006830234702,0.9851765975828983,1.0424060441077085,0.8096948533701764
2020-08-21,1.0261054017259232,0.9963465600418321,1.0546418382030591,0.8180688349526041
2020-08-24,1.0218461277392867,0.9922108124103285,1.0545137700430083,0.819808743548912
2020-08-25,1.0305873390951215,0.9965815038252729,1.0653829974711657,0.8207348915363092
2020-08-26,1.0279316012433826,0.9966039738629177,1.0617485054236377,0.8182103653900676
2020-08-27,1.0252480952188538,0.9933727626552595,1.068664158832958,0.8250211855221731
2020-08-28,1.0218629398866148,0.9902915275741273,1.0577308553529157,0.8160453976353729
2020-08-31,1.0191216721095036,0.9840250107976525,1.0542973572473417,0.8164423906673922
2020-09-01,1.0268187386647873,0.9875958666676508,1.0645342577469277,0.8203115822312773
2020-09-02,1.028975057618179,0.9906049593625825,1.0629677231701096,0.8186122509857565
2020-09-03,1.0194777054777888,0.9779887544983575,1.0468977644260749,0.8144892197540762
2020-09-04,1.021577893694757,0.9832722181829202,1.0511167151661867,0.8141634240661746
2020-09-07,1.0285368618634427,0.9838935694838639,1.060397814564424,0.8204150135612953
2020-09-08,1.0281485268749553,0.985949911603617,1.0537811625403435,0.8151317190838817
2020-09-09,1.0310817869374551,0.9899320832414545,1.0724110736102186,0.8259936964905068
2020-09-10,1.0285140854924102,0.9887528280366908,1.075728704545764,0.8298560478515951
2020-09-11,1.0259671649308053,0.9998699012053859,1.084125144321713,0.842398691285352
2020-09-14,1.0340775805730738,1.005758427629505,1.0938096461910582,0.8429276077296376
2020-09-15,1.0408117932954823,1.010200563532372,1.1062489328521798,0.8510544762085961
2020-09-16,1.0372288628318374,1.0065209702282174,1.0967204723893957,0.8435538727702209
2020-09-17,1.032295745710605,1.001036093830441,1.0894820330599946,0.8414021900618062
2020-09-18,1.0215926498281116,0.9961403245359713,1.0750625291340767,0.8286754347113242
2020-09-21,1.0165844474728205,0.9954423253083478,1.0747392538360254,0.8314942935002403
2020-09-22,1.0192553064776426,1.0002792086883212,1.0754479785178002,0.826306927915098
2020-09-23,1.0064147331086564,0.9635672032950636,1.0361922367250491,0.8119597951393945
2020-09-24,1.0333350433040773,0.9899195370519025,1.0645307724961366,0.8114726192623108
2020-09-25,1.036099912269275,1.0014323592168408,1.076911327696968,0.8200986207079674
2020-09-28,1.0404341192193576,1.0102699839843812,1.0831000592751918,0.824874764085419
2020-09-29,1.041037013689367,1.0105031525476011,1.0841227606322923,0.8266740102028213
2020-09-30,1.0508557349397791,1.0253459152040212,1.102502012263555,0.8329207360311407
2020-10-01,1.0732331923657679,1.0401279017715206,1.1276738228674361,0.8525813641684642
2020-10-05,1.0824550432002487,1.044701988937384,1.1402647095788951,0.8622433269512396
2020-10-06,1.0895329755961893,1.0531811300001757,1.15412754585567,0.8690475097503525
2020-10-07,1.09185909517899,1.0609956483099219,1.1745037799194318,0.8842168185500057
2020-10-08,1.0989646765570267,1.067688177962661,1.1923645424058729,0.8979443852436334
2020-10-09,1.1002116195199603,1.0693885683775042,1.1973130577598474,0.9001133855150889
2020-10-12,1.0967931619863105,1.0694330535372696,1.1995079064026561,0.9034780186508392
2020-10-13,1.1018089713253996,1.074913816988181,1.2044909143420874,0.9004091165613994
2020-10-14,1.0823610826565135,1.0746988342247832,1.1661957618488163,0.8802176683718542
2020-10-15,1.083532877052071,1.0861242417674957,1.1779803811387588,0.879689537770831
2020-10-16,1.079297604401417,1.0810099406942681,1.186592739002563,0.8853849252981235
2020-10-19,1.0794692238712764,1.0842366855410792,1.1918266383606952,0.8851419732248249
2020-10-20,1.0740739139493893,1.0876665639015375,1.192812319340264,0.8853022336489046
2020-10-21,1.0717333303946937,1.0788671343803231,1.1796777221145758,0.8769518070939782
2020-10-22,1.0765494768489767,1.082878333263467,1.1856867548247332,0.8764256360097218
2020-10-23,1.059509589455428,1.0655216955220717,1.1623785015175538,0.8583204181603421
2020-10-26,1.057937770164841,1.068560543698405,1.1608865483218545,0.8539267518977006
2020-10-27,1.051704166505563,1.0616389959452373,1.1422136084341596,0.8422631685106198
2020-10-28,1.0515547067806292,1.061275796563177,1.1425081716797434,0.8417578106095134
2020-10-29,1.0497169029579752,1.0594210031765492,1.1405114083427652,0.8425311349014317
2020-10-30,1.0481057638963622,1.0577949699516853,1.1387609149716302,0.8240315763208305
2020-11-02,1.045094201105344,1.052188524819742,1.1564760005739085,0.8365661288249882
2020-11-03,1.0599163967361456,1.0574971224437446,1.1710857575285991,0.8361771194472156
2020-11-04,1.0692053558787928,1.0603706400479684,1.1842033747617047,0.8444867928414267
2020-11-05,1.0891039821789985,1.0718491485942372,1.2064790317297702,0.8602032564878318
2020-11-06,1.1071881713102856,1.0902407887955374,1.232824347744494,0.8789871110207819
2020-11-09,1.1143968228961698,1.0944236557703901,1.2410975529085901,0.8848857945756415
2020-11-10,1.1142494224136676,1.0942788971246296,1.2421559373477422,0.8776335768682965
2020-11-11,1.1028353903557933,1.0901040698572382,1.229125647539088,0.8715413832789501
2020-11-12,1.1065625927411347,1.0958385575751515,1.2335254924665222,0.8710184584489827
2020-11-13,1.1125526739973288,1.0983170673469718,1.2402028534942051,0.8729283559181156
2020-11-14,1.1088235995496343,1.1016233580920411,1.2433112563913926,0.8747670629723573
2020-11-17,1.1020562875487656,1.1006646287037363,1.2417672498392964,0.8740982831564311
2020-11-18,1.093024161612652,1.0967915350107689,1.2224063931919562,0.8630212682193634
2020-11-19,1.0932197978415175,1.0967684872404382,1.2228696683319784,0.864031890958393
2020-11-20,1.1059466943318925,1.1147760643102391,1.2357735898601776,0.8679729774246878
2020-11-23,1.1184121635959545,1.1274229631016182,1.2502874894365783,0.8685304049941531
2020-11-24,1.1068253107916854,1.1222874659768909,1.2319296008105196,0.8565808113425676
2020-11-25,1.1096838164418228,1.126949534667032,1.2393002211070256,0.8558955466934935
2020-11-26,1.100209542425903,1.1204950116688284,1.2311863568980546,0.8516369679070257
2020-11-27,1.1186038060913155,1.1215631977735248,1.2520166425681658,0.850233480915221
2020-12-01,1.1122708520343958,1.1148405592409443,1.248189606134957,0.849910535297914
2020-12-02,1.1058455617937206,1.1068769909040745,1.2375880054878816,0.8456207359599591
2020-12-03,1.1173846045748308,1.1168153051006116,1.2507492439864523,0.8507136435672695
2020-12-04,1.1188969917779954,1.120527016917068,1.2568776493999962,0.8532006867369024
2020-12-07,1.1292968852585,1.1287875477366789,1.2688114172929261,0.8604567286858378
2020-12-08,1.1395720643805036,1.134781173664936,1.2863138501680902,0.8709326669595122
2020-12-09,1.1338588416949795,1.1260422237151935,1.2735338125011,0.862105419365089
2020-12-10,1.1354055377013066,1.124511114809823,1.2760351593191743,0.861243313945724
2020-12-11,1.1332390023432843,1.1277594255357235,1.2789381602821757,0.8645297367824334
2020-12-14,1.1323097088656637,1.1218383304501989,1.2710698252455843,0.8579238128740395
2020-12-15,1.1393135613462868,1.1220927361500772,1.2794404003240185,0.8596299915156473
2020-12-16,1.1427418953064308,1.127618968589109,1.2859850939819109,0.8641992302600373
2020-12-17,1.1471984859075106,1.1299249741785613,1.2935808707541356,0.8622824717814096
2020-12-18,1.1303992965246712,1.1110045934808126,1.2620077982694293,0.845447769462767
2020-12-21,1.1331250748671355,1.1167980990369863,1.2786075560251564,0.8447714112471968
2020-12-22,1.1350407754809129,1.1239729557985039,1.291760332822087,0.8521618332434003
2020-12-23,1.1487127657323297,1.1342834913410136,1.3041267356114474,0.8601493975297261
2020-12-24,1.1517437042692529,1.1431186315367665,1.314284815694703,0.8660857257833061
2020-12-28,1.1557218614680835,1.149367529570148,1.3218309834364774,0.8708852725988003
2020-12-29,1.1571914343063874,1.1501855290504774,1.3208591715757343,0.8695938353874714
2020-12-30,1.1593798895906051,1.1549670338308637,1.3210372258113983,0.8684705089357174
2020-12-31,1.159622175098805,1.1527207896405682,1.3225558563554622,0.864781193560776
2021-01-01,1.1601548885880961,1.1571139342416301,1.3393066820624375,0.8747635311732493
2021-01-04,1.1587916277267996,1.1576199800072262,1.3466700231772435,0.8780758943169207
2021-01-05,1.1516806602122125,1.1571569320152233,1.3370942175665337,0.8761122190562948
2021-01-06,1.1489685850228972,1.1539690980643094,1.327312471849054,0.8737916585978159
2021-01-07,1.1610276377201636,1.1659062331109766,1.352014604966411,0.8736169002660964
2021-01-08,1.1607650312581252,1.180951357503012,1.3700021207872024,0.884366085188476
2021-01-11,1.1692567018997122,1.1874511723753742,1.3848529048744695,0.8882007773098938
2021-01-12,1.1711804382190512,1.1872136821408992,1.3863527747828197,0.8875252454730141
2021-01-13,1.1728088668459564,1.1872136821408992,1.3927858923508074,0.8838414177872155
2021-01-14,1.1605961921789467,1.1778920773766262,1.3772332442860085,0.8801036738442113
2021-01-15,1.1562785340733395,1.1678560383317356,1.374210863352589,0.8797516323746737
2021-01-18,1.1626269141143013,1.177091717017731,1.3936940080198301,0.8847393514483757
2021-01-19,1.1664209947477442,1.1785311422699132,1.4080515941747263,0.8933229342395367
2021-01-20,1.1661877105487948,1.175578197635406,1.4088784298579715,0.8957285047554167
2021-01-21,1.1628299135331246,1.1666161756084874,1.3893476554023445,0.8853275920433583
2021-01-22,1.1520387510620482,1.1554229638790723,1.376295294479031,0.882083989569952
2021-01-25,1.1354341594029715,1.128464931778582,1.344183925838964,0.8698086926120656
2021-01-27,1.1250863507986484,1.1180189458236276,1.3268852726080325,0.8694607691350208
2021-01-28,1.1150175717543325,1.113749666005156,1.315275903677445,0.872167273200258
2021-01-29,1.168988895112369,1.160762401880333,1.3789405336354466,0.9045111806283009
2021-02-01,1.1699728164870706,1.1619715516127236,1.413112458884189,0.9263834277900476
2021-02-02,1.1744557577034336,1.1660709741957624,1.4213730794314086,0.931798780213059
2021-02-03,1.174279856659115,1.1642788127226973,1.4217287462217625,0.9325210989024474
2021-02-04,1.1680975290915026,1.163160447639402,1.4142436541701617,0.9301328434332895
2021-02-05,1.1883869100809845,1.1817848773210966,1.43880849366069,0.9308375837080665
2021-02-08,1.1889659363483471,1.1813888819484373,1.4395095346301476,0.9305464523051858
2021-02-09,1.1915601802081783,1.1844142487732492,1.4375620094086448,0.9269690113775043
2021-02-10,1.1979165186997425,1.1904955846794447,1.445518148948451,0.9334499925944698
2021-02-11,1.2076218027684613,1.2010314378481033,1.4555356212701722,0.9319828131387884
2021-02-12,1.2175488177550462,1.2062489073899798,1.4677916696473357,0.9428828562414792
2021-02-15,1.2142971218746323,1.2040446839150598,1.4594887015487916,0.9395015979426214
2021-02-16,1.205747189007163,1.1958077479643192,1.4497961567546291,0.9366547558909853
2021-02-17,1.1952563684158364,1.1830830383413264,1.4371819441624922,0.9350691254045779
2021-02-18,1.185961584681411,1.1736463026028778,1.4280448696135322,0.934528709566535
2021-02-19,1.1683855675275348,1.1607624976293083,1.3969686399909549,0.9205813049637958
2021-02-22,1.17149457936333,1.1662349115558415,1.400965292949703,0.9177869777073727
2021-02-23,1.196061978897636,1.1902255166916005,1.4303449202154959,0.9268370919363796
2021-02-24,1.1945724571856575,1.1930845570148723,1.4406959114603541,0.9302057835106124
2021-02-25,1.1600775108881631,1.1556184726485341,1.3915145063449026,0.9151928701987935
2021-02-26,1.1743662858160793,1.1675569512745516,1.4089322136424092,0.9146437544766741
2021-03-01,1.190628175189093,1.176813157843816,1.4284422251857043,0.9263945250232234
2021-03-02,1.216691346613189,1.209619417909835,1.4685488884527653,0.9524050927679043
2021-03-03,1.2059943486194493,1.1939658545962442,1.449544544884752,0.9400801141844833
2021-03-04,1.192241449783924,1.1808277124480355,1.4335940700805152,0.9391400340702989
2021-03-05,1.1947772248642665,1.18333921168164,1.4366431773891863,0.9400212597454407
2021-03-08,1.2114919301716536,1.19989390136798,1.4591369269290233,0.9412082668644313
2021-03-09,1.211221035978874,1.1996256005384514,1.463712139106266,0.9441883215371193
2021-03-10,1.1997430145672958,1.189192475383461,1.451274999868241,0.9402762490483496
2021-03-12,1.1899016195095924,1.1792214229471003,1.4391064574137495,0.9397291904696566
2021-03-15,1.187995845166617,1.1739560154136395,1.4370893720487645,0.9420442438512553
2021-03-16,1.178045387071019,1.1670058284170337,1.4259629660984188,0.9424399242337239
2021-03-17,1.1619154120289839,1.1488076603314006,1.3961781377067117,0.9310296506088159
2021-03-18,1.1743612825060068,1.1624111066514227,1.414207382036977,0.9306572387485724
2021-03-19,1.1702780547771667,1.1629258869468861,1.412736670811412,0.9287587403957367
2021-03-22,1.1828827342974768,1.1712735230593394,1.4298415985840751,0.9290717172461391
2021-03-23,1.1621730413856906,1.1540414918233526,1.4053801320292687,0.9126198865011396
2021-03-24,1.1474482423365668,1.1391889116749125,1.387573885201268,0.9117072666146384
2021-03-25,1.1555698874414524,1.1466142756200604,1.3973951409552217,0.9137581442738213
2021-03-26,1.189815080421993,1.1803647471240561,1.4388068000786995,0.9401062649737029
2021-03-30,1.1822669773195302,1.162963501435765,1.4175955340804938,0.926246972640746
2021-03-31,1.190875701543566,1.168546511776125,1.4273383857269266,0.9247568828270188
2021-04-01,1.1817724218992516,1.1608189670043019,1.4167130081701864,0.9174360390557073
2021-04-05,1.1765771633223625,1.1556730341508,1.413539721109964,0.9184968374846921
2021-04-06,1.1880043367919835,1.1671283167753543,1.4278337423996141,0.9213669432335942
2021-04-07,1.1850708204890843,1.1695668909244348,1.4308170291585376,0.922739208405138
2021-04-08,1.176173697763495,1.162896735351861,1.420736129875784,0.9206522734743251
2021-04-09,1.1472212567346018,1.1354503792931505,1.3762721758842251,0.9143176033245756
2021-04-12,1.1646835889433582,1.139630953735143,1.3796177838175299,0.9139518762832458
2021-04-13,1.1729944627097943,1.1477630585288654,1.3974761553139337,0.9232300936784746
2021-04-15,1.166243749279113,1.1396898639718054,1.3879260112245235,0.9176860935375213
2021-04-16,1.1558069058163918,1.1354417823496261,1.3757828940427743,0.9169519446626913
2021-04-19,1.1488733861260714,1.1281762533982491,1.3675297699807463,0.9152611060891624
2021-04-20,1.1609801520207237,1.1400649140224233,1.3819407250773315,0.9150780538679446
2021-04-22,1.1554698095595963,1.1312403879493886,1.3712439903477218,0.9103351176092237
2021-04-23,1.1673943679660561,1.1435478804971249,1.3856696076342858,0.9097889165386581
2021-04-26,1.185380211064102,1.1489655605736961,1.4070183795938964,0.9170382667880027
2021-04-27,1.2023588011661597,1.1638048868725874,1.427171565981023,0.9298064917783732
2021-04-28,1.2042988530669718,1.1652172086037347,1.42947436187413,0.9316476289639319
2021-04-29,1.176306084149171,1.1381328549348573,1.3962476047581882,0.9221848184292245
2021-04-30,1.1707187042705889,1.1327267954929254,1.3896155164969197,0.9216315075381669
2021-05-03,1.1563448250131807,1.1188193742390808,1.3725540605079745,0.9186354338417332
2021-05-04,1.169128603788182,1.1280354214385744,1.387728104691606,0.9212198771316
2021-05-05,1.174631888882774,1.1291061630861718,1.3970241928485163,0.9266539524327647
2021-05-06,1.1764440163823855,1.1303964146964123,1.399458814126758,0.9262512687562783
2021-05-07,1.1776844944558327,1.1304530226876695,1.4009344457330584,0.9265761199401155
2021-05-10,1.1712449018272146,1.1261518564096709,1.3932741197523821,0.9217015502963781
2021-05-11,1.159077160681183,1.117369713805205,1.3787997781282142,0.919057020812152
2021-05-12,1.1563398268368539,1.1160844422127878,1.375543536503191,0.9188732094079896
2021-05-14,1.1818464844077712,1.1356196680323905,1.4058854110500976,0.9287840848644144
2021-05-17,1.188053124191306,1.144852903847754,1.425275614505244,0.941036757691854
2021-05-18,1.181725557452644,1.1392595325036934,1.418254711867756,0.9364012139508313
2021-05-19,1.1735034124701686,1.131105003383657,1.4070158150662768,0.9345595834700788
2021-05-20,1.1991463438897487,1.1523518542835078,1.4380427701114638,0.9363070765899396
2021-05-21,1.1955784320534784,1.1548035876096918,1.4389627201621478,0.9361570087619195
2021-05-24,1.19467871366976,1.150356913549439,1.4384554309041178,0.9356920876775463
2021-05-25,1.2020369081898459,1.1596911828243384,1.4517139212100356,0.9435249026843265
2021-05-26,1.2033541422585279,1.1604981364935765,1.4566103549423675,0.9458031491132822
2021-05-27,1.2177923951984,1.1602483395289624,1.4713344603058727,0.9576536021915841
2021-05-28,1.2257279595896413,1.1619301365765051,1.4942162946169495,0.9655402659825962
2021-05-31,1.225005587221982,1.1559411821030305,1.4868976113891939,0.9604248260176311
2021-06-01,1.220778208263571,1.152414514377743,1.4849638183068887,0.9625215132891584
2021-06-02,1.2251011304030162,1.1564953524729016,1.4937252816965234,0.9632561058170167
2021-06-03,1.2217661355843656,1.1534666533747153,1.483194334601452,0.955694426821438
2021-06-04,1.2262557585776053,1.1583712921499454,1.4950912819696647,0.9573283847769654
2021-06-07,1.221068930481834,1.1606626872463057,1.493953820699381,0.9581702569426259
2021-06-08,1.2182210814624226,1.1583152067987839,1.4856329790847358,0.9581116608401321
2021-06-09,1.2199915511458925,1.160733371642904,1.4923110890610802,0.9603212263093959
2021-06-10,1.2190739795671621,1.1672829031389254,1.5063900626610516,0.9688050327197725
2021-06-11,1.2177311494329481,1.168645960566922,1.5123901503635924,0.9726377753730101
2021-06-14,1.2234010280485967,1.1726782832621874,1.521367335078955,0.9736878928290896
2021-06-15,1.2205016684513312,1.1662611690764375,1.515033815401631,0.9683578457254172
2021-06-16,1.214955244409851,1.1609612345052556,1.5154765009396047,0.9720730239069594
2021-06-17,1.215984796405845,1.1615448135461879,1.5181851886325062,0.972597896092036
2021-06-18,1.2160694690252933,1.162477380642828,1.5191688592488803,0.9740044006207361
2021-06-21,1.214871643832371,1.1634756473327739,1.5213620391112235,0.9718488963934765
2021-06-22,1.212781356217871,1.1604375194508008,1.5105363139746708,0.9674151945779776
2021-06-23,1.213854519014379,1.1684218573280343,1.5338332897548772,0.969537367247466
2021-06-24,1.2154755827253065,1.1746037824981699,1.5394875933013543,0.9769463319767255
2021-06-25,1.212748238094711,1.1692491039422606,1.5315520587757598,0.9736234954348573
2021-06-28,1.2092409519549068,1.165346403849008,1.5257239169326389,0.969985051646586
2021-06-29,1.20809830986783,1.1640121695399541,1.5277474644751017,0.971080750472151
2021-06-30,1.2045198729150641,1.1573272562656314,1.5192791715870197,0.9667707118548438
2021-07-01,1.2094945563940902,1.1635130413650894,1.5269948116355407,0.9661906494277308
2021-07-02,1.216904509201933,1.1707199717215733,1.5385218489154666,0.9711986388896253
2021-07-05,1.2170358167241542,1.1667745290122742,1.5354236447410838,0.9724819436120011
2021-07-06,1.2174314873933665,1.1690368614809203,1.5376621086071556,0.9738078620875512
2021-07-07,1.2096900391336902,1.1606435661775534,1.5233221458891935,0.9659474530912463
2021-07-08,1.1990370230916845,1.1563618376238425,1.5106315051538521,0.9651746951287733
2021-07-09,1.1999024709523887,1.156254780862588,1.5088125987213505,0.9631228727067761
2021-07-12,1.2106223707839934,1.1575838206243942,1.5217268816839582,0.9695606647371324
2021-07-13,1.2151811390684883,1.1586656314845654,1.527791269853982,0.9675779899944641
2021-07-14,1.218548809188385,1.1626145470724727,1.5333921517631852,0.966811478132049
2021-07-15,1.2185912182641316,1.1598911551861997,1.5291670102957775,0.961269041679889
2021-07-16,1.2037745981895513,1.1566363377002504,1.511185824728607,0.9529833316837921
2021-07-19,1.1963935529132093,1.1481650236668088,1.5019198616404474,0.9526021383511186
2021-07-20,1.2126104980839925,1.1484614614814497,1.522278172655937,0.9577829752029766
2021-07-22,1.2170459916077536,1.1450108030710142,1.5281986970103278,0.960933365352871
2021-07-23,1.2127401390597818,1.143902148908221,1.5234484095469745,0.9620104556507412
2021-07-26,1.2097174912637172,1.143730916504791,1.5200148064846433,0.9620475658227191
2021-07-27,1.2076864633666708,1.142582544690411,1.5180708178314881,0.9608210804715522
2021-07-28,1.21091436408402,1.147030459333875,1.5245876843303445,0.9627407890136135
2021-07-29,1.2062876320436486,1.14241841254099,1.5175367345915798,0.9594187586634955
2021-07-30,1.2136226621536614,1.1493650753696758,1.5307313805838556,0.9583319725997131
2021-08-02,1.2256087523807544,1.1574505106352664,1.5502870228829468,0.9656533995160757
2021-08-03,1.232225178694748,1.1718300088100775,1.568018919606637,0.9763121034422828
2021-08-04,1.2395924426863913,1.1716083777174857,1.5731714796742742,0.9780242689483716
2021-08-05,1.2356538413810445,1.1664205212165688,1.5678501425307607,0.9754658522893112
2021-08-06,1.237703524663277,1.1672924838181522,1.5744758037559243,0.9773063858329573
2021-08-09,1.239372231866076,1.1681898673063684,1.579742238595873,0.9791587347091998
2021-08-10,1.2379092453660347,1.1697344764246234,1.579226049782414,0.9805007274922354
2021-08-11,1.2379347571382087,1.1685152468012259,1.5861084394885834,0.9815261656104606
2021-08-12,1.2418106810209932,1.182851011184112,1.613002058894633,0.9943103140643357
2021-08-13,1.240556322304579,1.1849357248246264,1.6165551968052085,0.996301729225471
2021-08-16,1.2400442913665783,1.1869345518638033,1.6256657972781678,0.9975745528615426
2021-08-17,1.2356780617566947,1.1855582926007715,1.6197475155969523,0.9964577674016698
2021-08-18,1.2299266985058965,1.1857641313793734,1.6127181756117377,0.9937622641744501
2021-08-20,1.2322639323690456,1.1898790677973508,1.6260187512774191,0.9944584626782191
2021-08-23,1.2362592139951585,1.193636643763099,1.6366208628992138,1.000147052143218
2021-08-24,1.2360119621523595,1.1938076067220587,1.644491986007907,1.00031285413105
2021-08-25,1.237877180731034,1.1950067224331222,1.6514575438800019,1.001839959591782
2021-08-26,1.2379661788858547,1.1911770996808173,1.6508374383658768,1.0040732585980205
2021-08-27,1.2485131673290788,1.1927246894768746,1.6642195188868754,1.0068439904621609
2021-08-30,1.2511383801281277,1.1945428940281113,1.677058676973198,1.0083788361327461
2021-08-31,1.2479673396350697,1.1942389334842998,1.6663220547951414,1.000518754906011
2021-09-01,1.2512264326659097,1.2044666242836815,1.6880359770321145,1.0035872021908236
2021-09-02,1.2526873896048216,1.2039097636056266,1.7015099873072963,1.0109957465953778
2021-09-03,1.2570700684764966,1.2065405338698167,1.7099153343985027,1.0177928306172344
2021-09-06,1.255404201912941,1.2021122629648515,1.7029336916126363,1.0143752488652735
2021-09-07,1.2543490679324352,1.2026781996774734,1.6986764339817684,1.0138972441183725
2021-09-08,1.2547495224003073,1.2018789835183115,1.6970839025085085,1.0122914507394651
2021-09-09,1.247476226674889,1.195392909369023,1.6855313636306837,1.014565011461395
2021-09-13,1.2455232010499289,1.1927138256008691,1.6860066739724533,1.015812210910204
2021-09-14,1.251409012491856,1.1991036143172313,1.7013335118805628,1.0209765009714
2021-09-15,1.2566934905368645,1.2046451334355437,1.7112474293863777,1.0247815831689213
2021-09-16,1.2532926332805605,1.202788364503346,1.6986762374312212,1.0219186016687907
2021-09-17,1.2486101007282042,1.2018165428314107,1.688560365359004,1.0186290808138299
2021-09-20,1.2559297177045419,1.2061742229399655,1.6987967760799918,1.0191023011171194
2021-09-21,1.2523683179406284,1.1997568964514256,1.6940128642613526,1.0180178029369553
2021-09-22,1.2668591024884308,1.207959714281252,1.7225714907864778,1.0223829209251625
2021-09-23,1.2739341790255456,1.21352406688714,1.7357510381270262,1.0293873570447865
2021-09-24,1.2779330757873644,1.2114578528272093,1.7385946364044675,1.027405767918039
2021-09-27,1.2621801624332405,1.2001742922872083,1.7214570716070332,1.0238225245485522
2021-09-28,1.25779601243858,1.1980859644817052,1.7127482611623288,1.0217897226339492
2021-09-29,1.251283417295957,1.1948038842090742,1.7027145463788753,1.0182364602047267
2021-09-30,1.2418189390827457,1.1926737528712308,1.690437065999579,1.0160613928231483
2021-10-01,1.2500117190213678,1.1963724170211816,1.7059367479660001,1.018267907514681
2021-10-04,1.2565018402917552,1.2029255843711666,1.7218750258675595,1.0269667976650565
2021-10-05,1.252499444396018,1.1956796985930462,1.7098767809266993,1.0218446210544634
2021-10-06,1.2658425803429474,1.2050333847268937,1.7278446376749435,1.0206746791562609
2021-10-07,1.282214956069476,1.221552988512735,1.750538105183531,1.0340545350675219
2021-10-08,1.2693648973273115,1.2045623034321782,1.730906835205536,1.0184385128836642
2021-10-11,1.264311565715079,1.2016328395404243,1.7254495778415873,1.015758009460586
2021-10-12,1.2698326614864386,1.2067255731030841,1.7368414605543625,1.0172160185000485
2021-10-13,1.281889844267342,1.2044951264429768,1.7540354144662764,1.0264722294677453
2021-10-14,1.2840822478571805,1.20710200190086,1.7792590243543078,1.0389985487848328
2021-10-18,1.2829100321578397,1.2093072564398573,1.7920093233599859,1.0437393757137108
2021-10-19,1.2803179235412405,1.2021088951974297,1.7775748400464633,1.0363678808901522
2021-10-20,1.263514486976587,1.1862204224438895,1.7553117372790528,1.03553878658544
2021-10-21,1.257119768399672,1.181410164333756,1.7485448118054394,1.03671604943415
2021-10-22,1.252203677066319,1.199329185933292,1.7750658399770292,1.054059650542473
2021-10-25,1.2528609709349163,1.2048059427025242,1.7783388192352034,1.0505573759468403
2021-10-26,1.256771240801637,1.2097758961726714,1.780102913546513,1.0503840642889946
2021-10-27,1.2267630493737387,1.1938185612509524,1.7379550422061458,1.0334779779586758
2021-10-28,1.2133309200284308,1.1802696217573174,1.7189257464222856,1.0328578911719006
2021-10-29,1.2277978007427446,1.189154142812186,1.7394209743273579,1.0331277973592274
2021-11-01,1.2237786342981285,1.1847858137912852,1.7337270217817118,1.0289193762307585
2021-11-02,1.2148862710627963,1.1761767847422175,1.7211292120173374,1.0255371986920503
2021-11-03,1.2191343588650219,1.1802895172436338,1.7271474774186155,1.0268371427785439
2021-11-04,1.2234922546932778,1.1791092277263902,1.7333213078351684,1.0306089470269357
2021-11-08,1.2240600562624881,1.1784773226736025,1.7341257122396583,1.0290165444141515
2021-11-09,1.220567566562885,1.1751970643857905,1.7291779025657552,1.027688382548734
2021-11-10,1.216280052000783,1.1708338843726496,1.723103781279219,1.0274465901396912
2021-11-11,1.2315349218191045,1.185518757692411,1.7447153532388446,1.0325718395549435
2021-11-12,1.231366239592036,1.1865191525494838,1.7461876237154697,1.0328236277153902
2021-11-15,1.221913243338285,1.1820034942683444,1.7331316658283284,1.0319590392919742
2021-11-16,1.2100547268918826,1.17623257963576,1.7163118380090825,1.0291919053158403
2021-11-17,1.2085718159698193,1.17846600245453,1.7142085136604495,1.028780228553714
2021-11-18,1.186715871826699,1.1595679182147667,1.6832085804920924,1.012895155997154
2021-11-22,1.186285165049125,1.1589151509345572,1.6825976766010264,1.0122874189035556
2021-11-23,1.178863979290753,1.1600063994985703,1.6720716494006909,1.007866291847123
2021-11-24,1.1952942369021662,1.1742704995174844,1.695375922350758,1.0058843470117984
2021-11-25,1.1760225015966408,1.154803289562092,1.6574517795768733,0.9903066292038866
2021-11-26,1.1835757169198444,1.1594536143621845,1.6684285510919283,0.9928814390764639
2021-11-29,1.181636796671823,1.1609829462069867,1.6656953504577454,0.9917786845955251
2021-11-30,1.1974301523557092,1.1700166185728127,1.6879584681982136,0.9943769181255078
2021-12-01,1.2095979565341313,1.181437850786027,1.7051108240679396,1.0038847507570434
2021-12-02,1.1964318239020573,1.1754415289891096,1.6865511736148344,0.9944523539419968
2021-12-03,1.1757111000869114,1.1595405533532561,1.6573421870512641,0.9936567920588432
2021-12-06,1.1948354696324814,1.1781699811981303,1.6843008714136798,0.9936567920588432
2021-12-07,1.2176210874971476,1.1943882135586936,1.7164206376915934,1.0116122579936542
2021-12-08,1.2174907039179823,1.1937530299856727,1.7162368423644645,1.0115039339606038
2021-12-09,1.2198099956202844,1.1961182204967733,1.719506233953962,1.011627285674438
2021-12-10,1.2079587678265222,1.184257949681169,1.7028001402635098,1.0045880259746411
2021-12-13,1.2070858488487968,1.1871916608889364,1.701569629258251,1.0039852731590564
2021-12-14,1.1979166485621981,1.178323328487001,1.6886442580038847,0.9966702102791704
2021-12-15,1.203418402190036,1.186741183827561,1.6963998098477893,0.9960722081530028
2021-12-16,1.195428414584564,1.178624574867817,1.685136716787269,0.992115997186308
2021-12-17,1.1731951752538612,1.155667523634027,1.6500698730684082,0.9878076300351499
2021-12-20,1.1875957265520563,1.1648811232778886,1.6706539047494842,0.9874125069831359
2021-12-21,1.201092968042892,1.1749860214872438,1.6896411903180153,0.9976472172573757
2021-12-22,1.2067771864287662,1.180076693341949,1.6976374818417146,1.002368620850464
2021-12-23,1.2055914879705445,1.1791384495710557,1.6973874722954063,1.0028528300508663
2021-12-24,1.2120348314795788,1.1809524912059544,1.7067987213319333,1.0040987744225534
2021-12-27,1.2200422411699576,1.1853458925833391,1.7180748301249746,1.0077449660250803
2021-12-28,1.2181685480005053,1.1828142771738437,1.7154362779788408,1.0058216220325997
2021-12-29,1.2185675743339142,1.1804648790993213,1.7159981905723996,1.0015841966911416
2021-12-30,1.2234741869806867,1.185454162646477,1.7230923260716102,1.0029434892843023
2021-12-31,1.246889092293189,1.2081414389830372,1.75836687510613,1.0217366905565495
2022-01-03,1.2517688815051318,1.2218253585069596,1.7784125813708391,1.0331803296931243
2022-01-04,1.263308633639221,1.2260331324264828,1.7831324990861248,1.0359223965184974
2022-01-05,1.2534404718149739,1.2134640934438816,1.7582541250981194,1.0269413596632446
2022-01-06,1.2616374911354198,1.2189316865699753,1.770807384319899,1.0263251948474466
2022-01-07,1.2678088310720104,1.2272853858157415,1.7904126596528205,1.0327431097411734
2022-01-10,1.2704783373593596,1.230237060200935,1.798761981059482,1.037352604005906
2022-01-11,1.2784982189348177,1.2384603638532592,1.8111452421330319,1.0409339274686522
2022-01-12,1.278433360551078,1.2345536867281581,1.8142358745478797,1.0438677889405454
2022-01-13,1.2855526510351678,1.2376853308742908,1.8295361920385453,1.0501191922563575
2022-01-14,1.2827019339542025,1.2387180188097544,1.8321604244959435,1.051384710022399
2022-01-17,1.2782113127043204,1.2376777306620081,1.825209244774239,1.0451391639945724
2022-01-18,1.2645580302076813,1.2284943723494797,1.7996475488402812,1.0389355132798492
2022-01-19,1.24725503065297,1.2169586568828437,1.7753828268968401,1.0385199390745374
2022-01-20,1.24438405032316,1.2168161506309683,1.7691314199676544,1.0368382420143472
2022-01-21,1.2156579433441994,1.1954163164362412,1.728645556594236,1.0195191808896764
2022-01-24,1.2130239186851706,1.1928261502858548,1.726631297662962,1.0189074693811426
2022-01-25,1.1933957978010292,1.1768196515733693,1.6956770759203932,1.0149265345969563
2022-01-27,1.1907283928599908,1.1781878189146262,1.6922261381519361,1.0145205639831174
2022-01-28,1.2119316905909892,1.1896372840796505,1.7223596050706442,1.02267172066012
2022-01-31,1.2287623221961446,1.206232085545472,1.7462787749624795,1.0362604122925718
2022-02-01,1.240311154732434,1.2185963356546983,1.7645279255990656,1.0464598275398092
2022-02-02,1.2240547960480381,1.204062198561521,1.7417537321834837,1.0327442157432127
2022-02-03,1.2217782613109724,1.2013683776919315,1.7385143650509571,1.0317114715274696
2022-02-04,1.199711630938161,1.1825514153173604,1.707114924492702,1.0206437556240742
2022-02-07,1.202641100651409,1.1831313953867053,1.7112833774270328,1.0202354981218247
2022-02-08,1.2183517618535455,1.197033016317059,1.7336386697491077,1.027029021911799
2022-02-09,1.2285606072884883,1.2068238205500428,1.7481652209255782,1.0352239191550878
2022-02-10,1.2109763402456217,1.1941361244163373,1.723143904193266,1.0206041368500214
2022-02-11,1.1855914898238138,1.1827550430806009,1.6870228431869674,1.0197876535405412
2022-02-14,1.2210078014646768,1.196705187360284,1.7374180486792432,1.0241749575302457
2022-02-15,1.2154008873283848,1.1939534147637043,1.729439759100665,1.0186525673130078
2022-02-16,1.2096020387359163,1.1889503474155985,1.7211883587459518,1.0176339147456948
2022-02-17,1.2062994407823329,1.1854663450725391,1.7164889675666293,1.0158395068079422
2022-02-18,1.2058239206459722,1.1894176860471646,1.7158123320312686,1.012550252278151
2022-02-21,1.1938003430196993,1.1860641117541264,1.6987035299805988,1.0100075917175044
2022-02-22,1.1882937538436067,1.1803559943218669,1.6908679965714524,1.010593575510508
2022-02-23,1.1320368531513079,1.1244748877021107,1.6108179309549115,1.0030903194627445
2022-02-24,1.1581169122079682,1.147951333279351,1.6479282305462064,1.002889701398852
2022-02-25,1.170119815722133,1.157003727188021,1.665007614623073,1.0122809162946225
2022-02-28,1.1503018477855451,1.1394270707513623,1.6426450056254749,1.0058639675360617
2022-03-02,1.1445843039220178,1.1332719542529726,1.6348088125669527,1.0035619972640912
2022-03-03,1.1344264154860015,1.1285322464201628,1.6203003089334775,1.0034463510127822
2022-03-04,1.1074413588315042,1.1098084241432826,1.581757574881276,1.0053737060806125
2022-03-07,1.1235480118542087,1.125727542134412,1.6047626940430966,1.009805797484671
2022-03-08,1.145447086678686,1.1256564684387207,1.642706451119732,1.0223615864201767
2022-03-09,1.1525807776512762,1.1333889104251018,1.6589183126172493,1.0322467953287309
2022-03-10,1.1522565069621973,1.1328433614540254,1.6587833710013464,1.0331993293101815
2022-03-11,1.179398020756161,1.148893133518614,1.6978561742124352,1.047020639462824
2022-03-14,1.1679538191883638,1.131268488559351,1.672489280380431,1.0309587739183435
2022-03-15,1.1895851176967813,1.1460575422636567,1.703799416383894,1.0332830014925607
2022-03-16,1.2075069420314577,1.1591018670197168,1.7235326693025548,1.044423766680384
2022-03-17,1.2005606916332954,1.1526658898633189,1.713962658931975,1.0385902501140085
2022-03-21,1.2198838749856418,1.171218200037262,1.7415491149507547,1.039036091598973
2022-03-22,1.2177516586376878,1.1696656294943253,1.7375412571721192,1.0358137105920855
2022-03-23,1.2145585032812833,1.1645780378548152,1.733680140137449,1.0366411883291975
2022-03-24,1.2084394693765794,1.1584778935554563,1.7249457337430658,1.0341498207374717
2022-03-25,1.2147020299245581,1.164481535554694,1.7338850123526237,1.0358157580063048
2022-03-28,1.221086870936608,1.1706024024692296,1.7429988360429778,1.0393011316105318
2022-03-29,1.2393882020154632,1.188147085521026,1.7691224473336422,1.0529924282373926
2022-03-30,1.2387646380531174,1.1843908827432346,1.763529551696471,1.0494529042911367
2022-03-31,1.2493431369515422,1.1926080848136147,1.7789420154065487,1.0495151219398382
2022-04-01,1.2756929558883268,1.2208091208844327,1.8178690542316867,1.0739127007365794
2022-04-04,1.273844769168496,1.215299934496984,1.7998059795341856,1.065734230494833
2022-04-05,1.2551093959327044,1.202042355174634,1.7740548297869716,1.0617731262170835
2022-04-06,1.240305156406383,1.1899700924528211,1.7531295361686599,1.06156077159184
2022-04-07,1.2465878431787385,1.191227837815131,1.7620099021739302,1.062979327488255
2022-04-08,1.2391704426141046,1.1836832117926916,1.7511437950593653,1.058382927238826
2022-04-11,1.229832736449465,1.1766643477885357,1.7406081527344825,1.0588404249969765
2022-04-12,1.2231465530638193,1.176524630393685,1.730415888871323,1.058185092198766
2022-04-13,1.1823866056628172,1.1456869486004182,1.673097859408154,1.0423721297994508
2022-04-18,1.172600681154152,1.1270136892459617,1.6592506039763326,1.042163655373491
2022-04-19,1.1838393131488762,1.1351041592811002,1.6809195060767488,1.0449515336952464
2022-04-20,1.198659514156652,1.1476855532870456,1.7101701614902596,1.060418463494448
2022-04-21,1.1868991482287614,1.1319992810200727,1.6874800616922758,1.046137019157925
2022-04-22,1.1765199281383483,1.1207223352074371,1.673060847343312,1.045090882138767
2022-04-25,1.1880053685398846,1.1242693857351638,1.689393626916975,1.0460677241796985
2022-04-26,1.1792400165616765,1.115968188571962,1.6775955148830506,1.0374649338857562
2022-04-27,1.1917222819977609,1.1210577464334424,1.6956883965390808,1.0411062496158714
2022-04-28,1.1877918663048015,1.1173603892338193,1.6868750567140847,1.0330585843701454
2022-04-29,1.1860221288627,1.115155276498576,1.6831768089160806,1.0348756393809366
2022-05-02,1.1599233123952535,1.094337336631614,1.6464745716049842,1.0278423028498518
2022-05-04,1.1660526638272328,1.1020708303842255,1.6551749927150186,1.0276367343892818
2022-05-05,1.1435286257073227,1.0803418680213663,1.623202830747076,1.014115819487193
2022-05-06,1.1370663269368473,1.0742366496923637,1.61402980138729,1.0135073499955007
2022-05-09,1.1341498051297296,1.0714812830610496,1.6098898906348849,1.0135419957013951
2022-05-10,1.128429482340169,1.0646562904309533,1.601770072786811,1.0149015420444447
2022-05-11,1.1100548490439748,1.0471071682727626,1.5756878601427038,1.0050966387255686
2022-05-12,1.104450959774537,1.0418210577447211,1.5677333160055005,1.0046946000700785
2022-05-13,1.1039891066868743,1.0413853948770737,1.567077730108978,1.0021005645255534
2022-05-16,1.1327403247594818,1.0685062227950175,1.6078891776877529,1.0192072455044936
2022-05-17,1.1311377066505306,1.0669944840630694,1.605614311809824,1.0173575728115287
2022-05-18,1.0912920828260717,1.0343387598003242,1.5490547050533785,1.0118544030313472
2022-05-19,1.1222136470432422,1.0634396941361868,1.5929468905571673,1.011652032150741
2022-05-20,1.1223104949109637,1.0647410327178441,1.593084363051955,1.0107276864371757
2022-05-23,1.1182700370002718,1.0606948838524897,1.587349060436253,1.0036731258953957
2022-05-24,1.1097768882063483,1.0508691334757725,1.5752933034973085,1.0038731318049292
2022-05-25,1.1249849850045954,1.065059799740476,1.596880717417901,1.013462055986731
2022-05-26,1.139909260076945,1.0791890953592644,1.618065255346981,1.0274416364249916
2022-05-27,1.170264009450296,1.1079269218366743,1.6611528650506424,1.0476435822504977
2022-05-30,1.1648250869007362,1.102777717324034,1.6534324859711953,1.0425650220527836
2022-05-31,1.1613132022163761,1.099452902105615,1.6484474763852879,1.0416755768365062
2022-06-01,1.1761225955995458,1.1134734355004603,1.6694689433785945,1.0467774520755555
2022-06-02,1.1766778453129982,1.1187340673017427,1.6773563892168004,1.0533422173227285
2022-06-03,1.176551881042306,1.1195762655410597,1.6775122981997468,1.0530290799673192
2022-06-06,1.1623925384506562,1.110108981539706,1.6573240925501382,1.0459398240610176
2022-06-07,1.1591421003592022,1.1067827239539365,1.6526896603922292,1.0416381221108666
2022-06-08,1.1721596713348659,1.1129207883093102,1.671249942991088,1.0439868652587294
2022-06-09,1.1528118617657455,1.0878305247921864,1.6339066673973621,1.0200330891123757
2022-06-10,1.1159983779538871,1.0627617565648528,1.5820568545741942,1.0190130560232633
2022-06-13,1.1117014498714963,1.0610224419318166,1.5759654617364893,1.0190130560232633
2022-06-14,1.1056811235911503,1.0550643590945827,1.5674309525053407,1.016213149327003
2022-06-15,1.0870290235970559,1.0372661300155501,1.5409894421673394,1.0132190067317586
2022-06-16,1.0884713454089445,1.0386424240533156,1.5430341002547316,1.0130163629304123
2022-06-17,1.0955782085615458,1.0454239434781192,1.5531089012465642,1.0135601037754345
2022-06-20,1.1172914798291813,1.0661432070569608,1.58388997613233,1.0265653643700956
2022-06-21,1.1052160219349518,1.0546205492380687,1.5667716170817425,1.0150598296378963
2022-06-22,1.114710031274464,1.0554090152831066,1.5802304740565214,1.0196554344947173
2022-06-23,1.122758761455506,1.0594478136470054,1.5916404805628765,1.0235020971198712
2022-06-24,1.1304207597429965,1.0664658719702544,1.602502249853872,1.0237714650602452
2022-06-27,1.1307387439835468,1.0667658658773447,1.6029530293149779,1.0205660695112169
2022-06-28,1.1282333200065129,1.066456604796635,1.5994013008763144,1.0201577310289587
2022-06-29,1.129884930470051,1.066309842450804,1.6017426498482703,1.0209753952819707
2022-06-30,1.1195437224620637,1.0552142987531186,1.587082790715133,1.0057781574932656
2022-07-01,1.121370787728855,1.05672533726955,1.5896728671759799,1.0015678428190489
2022-07-04,1.1193642197361895,1.0548344451025637,1.5868283248274635,1.000335676895326
2022-07-05,1.127980045832331,1.0629535809289399,1.5990422554231432,0.9979759095058149
2022-07-06,1.1377264231742337,1.0721380933101101,1.6128588732477083,1.0075664431485782
2022-07-07,1.1432950657408423,1.0769715880474544,1.6207530685415485,1.01221955161471
2022-07-08,1.1352046296292948,1.0679551929371687,1.6092839390520994,1.0140534597193365
2022-07-11,1.1248907884913288,1.0555876662943178,1.590969375394778,1.0089620727432485
2022-07-12,1.1107703867088963,1.0504206353252026,1.5713166289492861,1.0083566954996024
2022-07-13,1.1065085065287634,1.0480289216652316,1.5652876932864677,1.0059770156922534
2022-07-14,1.1083126993401955,1.0477366746511654,1.5678399382871953,1.0059649064451162
2022-07-15,1.1219471837908443,1.0662185727824225,1.5961235061948829,1.013510079684129
2022-07-18,1.1233274343786719,1.0687164250667398,1.6016638950989288,1.0163448417855634
2022-07-19,1.1435685060065715,1.0824371163861188,1.6315293547181406,1.030623277525113
2022-07-20,1.144881833670023,1.084265456669354,1.6346114704161445,1.0323640992565684
2022-07-21,1.151208371367023,1.0904738855578022,1.6439711424520815,1.031649643753058
2022-07-22,1.1433277510620161,1.0830090244098574,1.6333954222862748,1.0248340559360132
2022-07-25,1.1313168057634189,1.071857127965109,1.6143599172131733,1.023033620270335
2022-07-26,1.1412308648886145,1.081952065712155,1.6302099850030782,1.0222254299946132
2022-07-27,1.1591501109198556,1.098724144377439,1.6615499247541257,1.0376520403959941
2022-07-28,1.169639952531508,1.1135644898521582,1.6856240466280146,1.0524790035718976
2022-07-29,1.1774358859387772,1.119130974037114,1.6991730342434306,1.060938793293934
2022-08-01,1.1764658802041226,1.1165993654512114,1.6920448136692876,1.0567261293748813
2022-08-02,1.185596427519064,1.1218059079560485,1.7084326851465492,1.0578664983394315
2022-08-03,1.1883956628251617,1.124271846057782,1.710581437784926,1.0583507190375732
2022-08-04,1.1878594555967579,1.1221011622025079,1.7164796439333558,1.0605690477256717
2022-08-05,1.1976242172924283,1.1271564893868018,1.7324783276016786,1.0622649421770374
2022-08-08,1.1943985403170598,1.1263493178564121,1.7347416470557857,1.0632277851091951
2022-08-10,1.2021856061028202,1.1293343856113731,1.7558119004674115,1.0690674806298195
2022-08-11,1.2019964758983372,1.127464653562792,1.7596118589693364,1.0709535479809476
2022-08-12,1.2012445841298856,1.1308008530566158,1.7676412747550465,1.0729876792977535
2022-08-16,1.2043290296060842,1.1326921215398573,1.775965828210119,1.0770802783848143
2022-08-17,1.2031192032647053,1.1329199756778656,1.7705519264183633,1.07358146196389
2022-08-18,1.2010595575954601,1.1261596207202045,1.757625134574973,1.0631086599851038
2022-08-19,1.1949535083660279,1.1218852916405864,1.7360148983567718,1.0572305862603404
2022-08-22,1.1876339799021969,1.1246514153321703,1.7304745575933482,1.0568076940258364
2022-08-23,1.1856691040325205,1.1251341063310851,1.730801569207908,1.0581217475932245
2022-08-24,1.1777616001256845,1.1201983581933737,1.7192280418269192,1.0563188252539135
2022-08-25,1.177364672700348,1.11959679097275,1.7180573841426021,1.055896297723812
2022-08-26,1.15559777501934,1.0963336664112058,1.6803756987857714,1.0373830440861478
2022-08-29,1.1856759376792392,1.1216868493896892,1.7244489761687347,1.0367606142596961
2022-08-30,1.167796663258828,1.106436196723057,1.690864047078118,1.0155321679562397
2022-09-01,1.164315694521808,1.104209096514328,1.6865002645037372,1.0145166357882835
2022-09-02,1.17366512194755,1.1068811343602971,1.7000428216475265,1.0156181591759814
2022-09-05,1.1740885713363798,1.1067580645267066,1.7006561840797478,1.0151720919035236
2022-09-06,1.1717367749786667,1.1072337571069018,1.6972496293128545,1.0116706145469705
2022-09-07,1.1849573320884974,1.1172193664712904,1.7163994811679166,1.0146825162331636
2022-09-08,1.1936152402529803,1.1252331484742053,1.7289403792062672,1.0214874994430059
2022-09-09,1.2028122000232877,1.1292241194079071,1.7422620883941038,1.026867870582959
2022-09-12,1.209074169648918,1.1346512919267602,1.7513324921339395,1.0291148621262378
2022-09-13,1.19176914117667,1.1235937484351464,1.726266322165598,1.0209178195315078
2022-09-14,1.1799295928743123,1.1225724948660971,1.7091168484983794,1.0193363271855473
2022-09-15,1.1530556318931346,1.10189449505348,1.6673655906090237,1.0189285926546732
2022-09-16,1.1558948386486412,1.1053330481912262,1.6718046727869476,1.0189285926546732
2022-09-19,1.1638152875972763,1.1048690862564499,1.6832602508552597,1.0211180280261833
2022-09-20,1.1589768610404265,1.100034662352863,1.676048150174432,1.017996494311057
2022-09-21,1.1475346289066986,1.0967103240772866,1.6598362373844515,1.0154670856934553
2022-09-22,1.1293508912264034,1.0903491873256062,1.6335346112961804,1.0133489706660406
2022-09-23,1.1185069688948996,1.0849017943760577,1.6178495637274104,1.0131463008719075
2022-09-26,1.1199475280346909,1.0860820920307548,1.6199332413804315,1.0162532919754281
2022-09-27,1.1108686644708619,1.0772777588938547,1.6068012396456604,1.012032223790736
2022-09-28,1.105394262679044,1.0719688943248975,1.598882863813535,1.009846002222645
2022-09-29,1.124234075997777,1.0902390215857565,1.6261334618035792,1.0117811731450885
2022-09-30,1.1140035845480756,1.083138860537429,1.611335703194199,1.0017645743076289
2022-10-03,1.1430818799243068,1.1111948812173091,1.6533956177022442,1.0007628097333212
2022-10-04,1.1510148613620732,1.1189065670739877,1.6648701734404425,1.0067073348619697
2022-10-06,1.1468674513091444,1.115616581672059,1.6588712072012253,1.0037472553225568
2022-10-07,1.1474477657699174,1.115957959889257,1.6597105953528377,1.0009537738270882
2022-10-10,1.1279478324292456,1.0995923081590915,1.6315051755161698,0.991890334972496
2022-10-11,1.1335678355072047,1.105639398062788,1.6396341543966557,0.9914935788385071
2022-10-12,1.1266223512700257,1.0986439062935958,1.6295879508811804,0.9879937377026923
2022-10-13,1.145537224280495,1.1170890489342007,1.6569471179663722,0.9863308578091586
2022-10-14,1.1583190392591898,1.1295534413917843,1.6754352046408405,0.9918691580547274
2022-10-17,1.1696270105651156,1.1384657010841013,1.6917914696912133,1.0011554317339577
2022-10-18,1.170304235975281,1.1386694975126952,1.6927710333996664,0.9994824138423679
2022-10-19,1.1735396983291009,1.1418175014072336,1.6974509249901097,0.9978700464331015
2022-10-20,1.1725095457715249,1.1408151951188017,1.6959608744922627,0.9936457334742865
2022-10-21,1.1864299218744878,1.1523639201344502,1.7160958177974002,0.9970459907466676
2022-10-24,1.1821475206941356,1.1479740068973519,1.7099015954331143,0.9926495312601069
2022-10-25,1.185345812961268,1.1510115695547118,1.7145277228448774,0.9936195296796281
2022-10-27,1.1878308053153195,1.1589321349026398,1.7181221070621169,0.998296113765888
2022-10-28,1.2000806120853933,1.1728037683430648,1.7393741149251567,1.006838729133108
2022-10-31,1.2111291571067748,1.1838357497910545,1.7557355416914413,1.0159068245517326
2022-11-01,1.2101744750566996,1.1808594024231251,1.7503050143061727,1.0119614193059427
2022-11-02,1.2047062964522568,1.1752875122207989,1.7427463145247435,1.0112207241609577
2022-11-03,1.2038651177315176,1.1754692046120938,1.7415294526890064,1.0130466714856292
2022-11-04,1.210447605523771,1.1782580714529827,1.7510517788975903,1.0147501764975593
2022-11-07,1.2075677969641745,1.1743973122467068,1.7468858043620927,1.0114251781963368
2022-11-09,1.2050659569494595,1.1731154250191593,1.7432666048293808,1.0091755598343777
2022-11-10,1.2285110393188516,1.1998917265506175,1.7972877452590432,1.0190873020691729
2022-11-11,1.2246300076775616,1.1999039800581242,1.7974159998361119,1.020952735868357
2022-11-14,1.228865729247936,1.1996643454272506,1.8050707929723366,1.0221909857523743
2022-11-15,1.2331134484188828,1.1998733006242857,1.8113102328311708,1.0250920262582943
2022-11-16,1.2303604402042634,1.1991222217978192,1.8072663616394307,1.0220685487459946
2022-11-17,1.230250989021223,1.1996454275396375,1.8071055896941643,1.0212629881897908
2022-11-18,1.2175543511570102,1.1842905596874775,1.7851107529312726,1.0178571970739265
2022-11-21,1.2244618585688618,1.187642122802363,1.794712873678099,1.0181617757036647
2022-11-22,1.223907490369077,1.1882272009116797,1.7948342818025798,1.0170899116373218
2022-11-23,1.2415560883849068,1.1965860537429405,1.8265518916727919,1.0220838882760206
2022-11-24,1.24250480815979,1.1936825497421726,1.8293303340759948,1.0230253713332003
2022-11-25,1.2531027983179295,1.1914171513863316,1.8386241236310805,1.028452852891106
2022-11-28,1.2555020538046364,1.1943848414855316,1.843879153470284,1.0305735978793935
2022-11-29,1.2607460802329304,1.196445985237471,1.8519495104987762,1.0335107871332996
2022-11-30,1.2681004103431004,1.1923122632679273,1.8627525169575068,1.0339537163214763
2022-12-01,1.2629545140437544,1.1838948297772691,1.8477097019548945,1.0271823786012195
2022-12-02,1.2598113738575658,1.1831844928794026,1.8438503537052666,1.0265660691740588
2022-12-05,1.250194990724495,1.177134862683171,1.8297758884248134,1.019951093763601
2022-12-06,1.244762899408009,1.175361364723014,1.8218255208514578,1.0161248081164096
2022-12-07,1.2487354792986585,1.1755222250087052,1.8276397585925153,1.0159215831547863
2022-12-08,1.2340487474754243,1.170984361598441,1.8061443694977772,1.009947923851775
2022-12-09,1.232507075106589,1.1689078535269368,1.803887989533632,1.011116685583379
2022-12-12,1.2414843016414483,1.1739908901061364,1.8183864476646885,1.0127689829712518
2022-12-13,1.243080759936899,1.1763503052141946,1.821088437347597,1.0138687762459029
2022-12-14,1.220928004636377,1.1587284804933244,1.7886350941430744,1.00112423400108
2022-12-15,1.2113759948325042,1.1494313470236073,1.7746415909308242,1.0005235594606792
2022-12-16,1.2112875170907953,1.1479833448157473,1.7745119728097964,1.0009458730918344
2022-12-19,1.215743431725178,1.1519767882706333,1.7810397985794546,1.0016147152270392
2022-12-20,1.2074748415852072,1.1441418918077726,1.768926479491617,0.9960405747634984
2022-12-21,1.2069331423176466,1.1440193132857108,1.7681329009048772,0.9965531801717827
2022-12-22,1.1882346312072953,1.1349774317222505,1.7407399563142099,0.9930866542869689
2022-12-23,1.201555157985464,1.1425017859656246,1.7602542614799768,0.9928880369561115
2022-12-26,1.2077642683338672,1.1486371335403254,1.7700590517911443,0.9974256334734926
2022-12-27,1.2059232612196986,1.1471159819338566,1.767714944943512,0.9961047327639578
2022-12-28,1.2120020029436616,1.1518482659284595,1.7766255306643914,0.9951086280311938
2022-12-29,1.2034530139194943,1.1445728650770477,1.7640939076762971,0.9869882115393541
2022-12-30,1.212252954551918,1.1523021094020585,1.7769933906457338,0.988225353324526
2023-01-02,1.2152473653602334,1.1561323416927471,1.7813827783517189,0.9898758086920043
2023-01-03,1.2024496134379774,1.1479402422804363,1.7626230628190984,0.9859407837019972
2023-01-04,1.1917268331219457,1.143601240359863,1.746904965635349,0.9855324271308794
2023-01-05,1.1791700614341154,1.1308653889667424,1.728498493443768,0.9853353206454533
2023-01-06,1.1998911452378755,1.1451711602159802,1.75887270604357,0.98979131577834
2023-01-09,1.1838570887112412,1.1296392885653523,1.735369020310256,0.9757729746630918
2023-01-10,1.1889343772302166,1.1339721272449337,1.7428116156091518,0.9747972016884286
2023-01-11,1.1854339926490745,1.1353042052781674,1.7376805410738811,0.9753574184786876
2023-01-12,1.1953110109956278,1.1451310237564785,1.7521588694254084,0.9807035039283925
2023-01-13,1.1944709817390697,1.1405401422334245,1.7509275039490466,0.9816860502347414
2023-01-16,1.2067615814497223,1.1520477084544374,1.7689438052258497,0.9857069137502775
2023-01-17,1.2135898761687223,1.1585664122353656,1.7789531308698767,0.9898989015904927
2023-01-18,1.2111720269039967,1.155807015238256,1.775408901798822,0.9877427506678864
2023-01-19,1.2091288572382186,1.1533949199963947,1.7724139006495796,0.9891747361841308
2023-01-20,1.2173336250912772,1.15930338731194,1.7844409435137951,0.990730941706552
2023-01-23,1.2192602536948258,1.1625912014027238,1.789858551909535,0.9945125212025716
2023-01-24,1.203425708777662,1.1532417631030873,1.7659312428413527,0.9872977086859596
2023-01-25,1.1796221462336265,1.1289426557428188,1.7290757931962704,0.9867053300607479
2023-01-27,1.1878397768715865,1.1353113328083848,1.7414669113859622,0.9867053300607479
2023-01-30,1.1821363171864623,1.1360874974055526,1.7331051891103986,0.9824803333137676
2023-01-31,1.1950121606664676,1.1448266364305917,1.7519821924009176,0.9856818813183448
2023-02-01,1.2049356389984107,1.1480132017260607,1.7616711420234215,0.991632644546834
2023-02-02,1.2170389459570605,1.1517078479535832,1.782301230552697,0.9960131993763236
2023-02-03,1.2050214100390029,1.1413531155936356,1.7650585259354994,0.9859789586399874
2023-02-06,1.2042659427974458,1.1398424561566385,1.7639519531520897,0.9849929796813475
2023-02-07,1.2184701318746576,1.1533143387673372,1.784757579364093,0.9872727119277052
2023-02-08,1.224365692045902,1.1586639801702356,1.7933931178356328,0.9916716462919423
2023-02-09,1.2208709463368905,1.153226184549753,1.7867584731256247,0.9872159067676484
2023-02-10,1.2084604640242194,1.1415033294774735,1.768952943236186,0.9863776130486575
2023-02-13,1.2257622673446888,1.1541162727346803,1.7942794448621628,0.9882036309363699
2023-02-14,1.234397792866312,1.1606610060122107,1.8069201879750962,0.9943749870781238
2023-02-15,1.2334154174845409,1.1622032813630978,1.8096825904431362,0.9964166355443945
2023-02-16,1.228506708628398,1.1538607927089581,1.796692387506642,0.9905917231837652
2023-02-17,1.2207209546269766,1.1516065264543285,1.7856650523525675,0.9879027071983745
2023-02-20,1.2197033658475214,1.1535928029455904,1.7841765281208402,0.9859008124775328
2023-02-21,1.1988872803530448,1.1453136903234504,1.7537268530715344,0.9733212524358098
2023-02-22,1.1954140186468056,1.1438943856490886,1.748646181667478,0.9727372596843483
2023-02-23,1.1939605453080662,1.1452310361498563,1.7465200474877742,0.9715757904231693
2023-02-24,1.186530418248822,1.1420377559862145,1.735651291467865,0.9697007621821742
2023-02-27,1.1777861452628204,1.1322038186543708,1.7228602087718976,0.9695837000831403
2023-02-28,1.1866487372141075,1.1403323096405797,1.7358243679113714,0.9692018879471138
2023-03-01,1.173888951429516,1.1355482027404349,1.717159411383274,0.9594607373727869
2023-03-02,1.1911430367961349,1.1454069611110869,1.7423986088695609,0.9586931687828887
2023-03-03,1.201581526146826,1.1549864831356176,1.7576679835470679,0.9661359086274215
2023-03-06,1.2030998097395031,1.1549440871073267,1.7598889218710376,0.9661948375409746
2023-03-08,1.1870996448916848,1.1432326839219644,1.7364839536083605,0.9545511154989271
2023-03-09,1.1717746133296285,1.1288748590112792,1.7140665672410345,0.9490554772965343
2023-03-10,1.151736129340811,1.1129365390846213,1.684754364132428,0.948865666201075
2023-03-13,1.1436733622538833,1.1049228025121662,1.6729601851615388,0.948865666201075
2023-03-14,1.1340571045157994,1.095632368022459,1.658893567141896,0.9476588574130017
2023-03-15,1.1303784668751833,1.0920783719730223,1.6535124727564687,0.9474693256415191
2023-03-16,1.1387738907757587,1.09705053374623,1.665793260599194,0.9498135127548208
2023-03-17,1.1296990938457694,1.0880888167633531,1.6525186889834147,0.9458826241766897
2023-03-20,1.1388355315208445,1.0968887314605156,1.6658834284003474,0.9491116118335597
2023-03-21,1.1426595732508007,1.1005719220232673,1.6714772192253828,0.950607384144165
2023-03-22,1.1338048761587536,1.093590277491257,1.658524608650046,0.9463986746436309
2023-03-23,1.1288496564778991,1.0885920950148835,1.651276135870667,0.9458308354388447
2023-03-24,1.133850399050193,1.0941418324586403,1.6585911993282985,0.946778891458094
2023-03-27,1.1360527516778958,1.0927083067075676,1.6618127907209421,0.9466999803584502
2023-03-28,1.1374629261568423,1.0939723772831493,1.6638755875257563,0.9450917234477937
2023-03-29,1.1695611888259305,1.1054451780713945,1.7108287799586153,0.9570253214400978
2023-03-31,1.1682615557403504,1.1035535245052177,1.7089276826005293,0.955579051115198
2023-04-03,1.1791884674130009,1.113875213025276,1.7249115192259583,0.9600370910819188
2023-04-05,1.1783439813575605,1.1152723573529035,1.723676208870481,0.9574856837629917
2023-04-06,1.177861069958592,1.1145922396275438,1.7229698082756095,0.9544541979495237
2023-04-10,1.17624364576709,1.1153133675572495,1.720603847535239,0.9479211256275517
2023-04-11,1.1882807180215451,1.1236071046834097,1.7382116220032306,0.9520445044807393
2023-04-12,1.1822278544130411,1.1176589540667876,1.7293575206859768,0.9468141629532384
2023-04-13,1.1570158291896762,1.091435329166856,1.6887816162248426,0.9449939291269481
2023-04-17,1.1539151768582268,1.0873687745336162,1.6811595598937803,0.9417083317025923
2023-04-18,1.1461681808496034,1.0861747997205662,1.6705452873426982,0.9370828644052314
2023-04-19,1.1465746443686649,1.0844478718533666,1.6711377097529432,0.9367440373053127
2023-04-20,1.1498701528513278,1.0834324472694474,1.6759409282134572,0.938033890946158
2023-04-21,1.1562991288348468,1.0912432694936918,1.6883585278882536,0.9403753325995631
2023-04-24,1.1541424844483015,1.0914423858602984,1.6891318856510105,0.9406446067683196
2023-04-25,1.156105786314918,1.0932990291277787,1.692343079769772,0.9409729505321958
2023-04-26,1.1624857617133377,1.0993324051315307,1.7016822832772927,0.9444100475055434
2023-04-27,1.1709665007054892,1.1073001246995091,1.7140966489128537,0.9490676218798627
2023-04-28,1.17867036280977,1.1135111947378276,1.7253737983519526,0.9540115068032562
2023-05-02,1.1732393402780463,1.1081577073542266,1.7174237011321014,0.9485668316008942
2023-05-03,1.1843359380943295,1.1158620634860492,1.733582711986099,0.9514540234064763
2023-05-04,1.1815422174281982,1.1140546916815972,1.7113165931204308,0.9373885139632286
2023-05-05,1.1896321116416184,1.1243145739942395,1.7274192198899598,0.9400080848219065
2023-05-08,1.19275003115106,1.1271112016098042,1.7320720360449429,0.9419759985420899
2023-05-09,1.1927117935846354,1.1265531230363406,1.7350102501974303,0.9430528554840873
2023-05-10,1.189387105264764,1.1241144510652665,1.7316886214628335,0.9419377042771486
2023-05-11,1.1892430569694252,1.122893090546157,1.7332120765978858,0.9441673864941137
2023-05-12,1.1919665862578883,1.1248275815284352,1.7378607759104865,0.9456269215601661
2023-05-15,1.191715505945142,1.1211619009758456,1.733112926066498,0.942674243499818
2023-05-16,1.181890624181517,1.11234137720855,1.716607315589511,0.9352579367537804
2023-05-17,1.1830671806242754,1.1110346179867434,1.718659496870551,0.9346967819917281
2023-05-18,1.1899211383831265,1.1188235811134668,1.7317927281241545,0.9360793674799455
2023-05-19,1.2004310825160205,1.1285742064707973,1.745655088464415,0.9430106890169997
2023-05-22,1.201460557359574,1.13041016351513,1.7476758230366432,0.9435622572995301
2023-05-23,1.1966395666070728,1.1230769143407444,1.7366877546481083,0.9402692424182256
2023-05-24,1.195585679690052,1.122916131438651,1.7355055819315786,0.9391443322257264
2023-05-25,1.2107609111997832,1.1360793281335488,1.7575338643371274,0.9406550986883973
2023-05-26,1.2136507209057503,1.1360206543028126,1.7611374028348188,0.9418312355188919
2023-05-29,1.215433433075341,1.1372580067291274,1.7640765369321523,0.9413615177321857
2023-05-30,1.2035778191500983,1.1293092207963369,1.7468693334874286,0.9368696572648085
2023-05-31,1.2013401470812557,1.1298633205089301,1.7436215827784443,0.9363075354704496
2023-06-01,1.1995719300551175,1.1273961664566448,1.7410551977481084,0.9344649235426638
2023-06-02,1.2034160750138108,1.1307835379254663,1.7466345785201498,0.9351862883657542
2023-06-05,1.1928410723051668,1.120846792667751,1.7312860504571108,0.9302088876179544
2023-06-06,1.2004070261566393,1.126032120660295,1.7422672537922235,0.931247504790618
2023-06-07,1.1961489870927264,1.1219026924406688,1.7360871483240174,0.9278410850882428
2023-06-08,1.1896266624184844,1.1172186911629851,1.7266206653303982,0.9263751569536717
2023-06-09,1.1955311433893616,1.1149120089526443,1.735190411776431,0.9244625026886215
2023-06-12,1.2035602962350092,1.118503144717579,1.7468439007796175,0.9279335546720645
2023-06-13,1.2050256157559214,1.1189105955953986,1.7489706612550222,0.9280859977138357
2023-06-14,1.195419239826944,1.1097669401792605,1.7350279952725831,0.9267761182780205
2023-06-15,1.2006595967412068,1.1111905926242345,1.7426338340014147,0.9283952658682584
2023-06-16,1.1987658321620884,1.108715900853089,1.739885229619155,0.9242977496212572
2023-06-19,1.2034214193378927,1.11233948753238,1.7466423352565226,0.92646830192461
2023-06-20,1.2096118423769016,1.117838915456379,1.7556270971855807,0.9308634854543383
2023-06-21,1.203575884305767,1.1122609039095352,1.7468665252600142,0.928185144918228
2023-06-22,1.1962512511544583,1.1098496166553173,1.7362355740847077,0.9271657697238277
2023-06-23,1.193316269184427,1.1071426448624675,1.7319757498205761,0.9267949034159382
2023-06-26,1.2012212666798052,1.1137208290048406,1.7434490401107898,0.9294369915330214
2023-06-27,1.211317289080539,1.122858683714279,1.758102377553065,0.9366910597385503
2023-06-28,1.2306528642599548,1.1412404014186885,1.7861659749281924,0.9516429312000804
2023-06-30,1.2391610142331448,1.1489021479686718,1.7985146789641082,0.9564128204535093
2023-07-03,1.2418208308255891,1.1527203278187754,1.8044917349905747,0.9552387417415634
2023-07-04,1.238001609282147,1.149553617825374,1.7993029167132693,0.9522324502481837
2023-07-05,1.2427979653120407,1.1546935777097826,1.807159652584548,0.9520088924359762
2023-07-06,1.2344709063007537,1.1471766107900616,1.7954126602257554,0.9471903937710453
2023-07-07,1.2394717759398381,1.1515944139360494,1.8026859176320853,0.943361639075306
2023-07-10,1.2407790569171329,1.1536979717059859,1.8088562414750315,0.944154630523231
2023-07-11,1.234571073744442,1.1476711157249129,1.8001677720327764,0.9409328720653415
2023-07-12,1.248547591165907,1.1613412271036405,1.8205473814067965,0.9388737112886991
2023-07-13,1.2627565601048785,1.1851060404218008,1.8578604460510117,0.9573350177328044
2023-07-14,1.2752227215588867,1.1862688889787665,1.8733651135699503,0.9614121869872811
2023-07-17,1.2857633910399173,1.1948561446842858,1.893155632156291,0.9636477362457359
2023-07-18,1.2841731346122354,1.192785647650966,1.894001471219651,0.962626942108672
2023-07-19,1.286052024057498,1.1981303598001147,1.896692702548532,0.9620407209528259
2023-07-20,1.2558383661592758,1.1898100440108235,1.8413030059086222,0.9549750935698821
2023-07-21,1.2523087498685588,1.1868071705567018,1.8368644239600305,0.9536352615707209
2023-07-24,1.2554951369375082,1.186930951186747,1.841538160407639,0.9549023488155175
2023-07-25,1.2610241949539354,1.189319153125942,1.8496480853518287,0.9535826421333695
2023-07-26,1.2580289444489297,1.1838057914965787,1.8421834064037106,0.950467016195836
2023-07-27,1.2519327390799835,1.1849206617120442,1.8336249194062828,0.9457972524095614
2023-07-28,1.2627430571083555,1.1901136948106903,1.8505978904646652,0.9470407539068495
2023-07-31,1.2636889640652502,1.1906343671375001,1.8523542725996187,0.9473713554338311
2023-08-01,1.2533700230716835,1.18688199955529,1.8372284505170657,0.9427285751958895
2023-08-02,1.2433417899484978,1.1817155466913838,1.8225287570002369,0.9421629380507719
2023-08-03,1.257484111464235,1.1889831653828031,1.8432590082163904,0.9439150063472852
2023-08-04,1.2657381548416622,1.196311979768905,1.8553580396641403,0.9493556706436994
2023-08-07,1.2636231779585718,1.1964408244604023,1.852257841294726,0.9477347031047533
2023-08-08,1.26576409613126,1.1980641276135116,1.8553960652068089,0.9473220961120088
2023-08-09,1.2599529516220493,1.1935791758400165,1.846877910291772,0.9435207976190626
2023-08-10,1.2528103554219852,1.188531522123757,1.8364080724085003,0.9437507410653362
2023-08-11,1.260350064069885,1.1868960756489109,1.84746000997007,0.9458499111055388
2023-08-14,1.2637457076750949,1.1887934099518924,1.8524374491336608,0.9485718225300397
2023-08-16,1.2545238385701842,1.1848677780724681,1.838919748873873,0.9460204398963308
2023-08-17,1.2460325873848308,1.1834100065713975,1.826473010902603,0.9456420317203723
2023-08-18,1.2498461059900952,1.1865487467514424,1.8320629841341292,0.943389233999236
2023-08-21,1.2461534039049655,1.1828622668057698,1.8266501074854142,0.9406993384561702
2023-08-22,1.2528642772687173,1.1889957278125098,1.8364871127151117,0.9401349188530964
2023-08-23,1.2500543802442523,1.1863290737955516,1.8323682789618367,0.9370862695811643
2023-08-24,1.24536566683224,1.1818793817443316,1.8254954181798635,0.9363437117958054
2023-08-25,1.2443097893697983,1.1808773308321023,1.8239476804180306,0.9361853811197589
2023-08-28,1.2435842656493608,1.1796189455365693,1.8228841853637558,0.936947340944582
2023-08-29,1.2434197686888466,1.180711945938607,1.8226430606437474,0.9381529745898375
2023-08-30,1.2386498708330618,1.1757472763513126,1.8156511971992781,0.936114963585213
2023-08-31,1.2454174280690078,1.1772049714895938,1.8255712913977267,0.9370233249127198
2023-09-01,1.2529897738810483,1.1836562511986697,1.83667106952146,0.9419709644493351
2023-09-04,1.253621460169453,1.1867195255723753,1.8414243307951565,0.9428192839463929
2023-09-05,1.2541500922673061,1.1867205425125924,1.8425691148183214,0.9403732898965957
2023-09-06,1.258983009461979,1.1909711192646693,1.84966952808806,0.943264101143623
2023-09-07,1.26351076115174,1.1950160817293336,1.8563215990599145,0.9460302841614778
2023-09-08,1.2735710855130358,1.2045310378094884,1.8711020013957036,0.9510542032056132
2023-09-11,1.2854584945344054,1.219013440868091,1.8885667154303616,0.9597410550147131
2023-09-12,1.2871480975740264,1.2182447890760528,1.88974655056961,0.9591885024836823
2023-09-13,1.287081495376413,1.2187144489972153,1.8904046661348515,0.9584805596760977
2023-09-14,1.295310508667052,1.2262626116194744,1.9024910531881905,0.9590442421029098
2023-09-15,1.2845414906775392,1.2160676475270527,1.8866740268925,0.950495465054553
2023-09-18,1.2674445299861075,1.1998915499243326,1.861562816464947,0.9497298161921005
2023-09-20,1.2572664081075657,1.1900159290696628,1.8466136705399974,0.9495398702288621
2023-09-21,1.2503727193888494,1.1842443246884056,1.8364885453108981,0.9486417778981919
2023-09-22,1.2451295823802577,1.1772968958755428,1.8287876726763124,0.9468671278553061
2023-09-25,1.2427520201942353,1.176734256337819,1.8252956213441873,0.94560674498165
2023-09-26,1.2436703251753618,1.1736929130667504,1.8266443844392146,0.9460322957845062
2023-09-27,1.2310585410592263,1.1613212771552748,1.8081207900692593,0.9365510277795606
2023-09-28,1.2338061737606225,1.1633124357132318,1.8121563835403822,0.9359890971628928
2023-09-29,1.2237423553313145,1.1531256279017725,1.7973751211368434,0.9287645479695464
2023-10-03,1.2275726092073949,1.1591855591727067,1.8030008175871726,0.9282072892407647
2023-10-04,1.2382411573885315,1.1651827663894774,1.8186702785614421,0.9335654641640025
2023-10-05,1.2443213198293335,1.1700453756802531,1.8276005347186781,0.9376481875914696
2023-10-06,1.2381933828817369,1.1627199185647716,1.8186001096165139,0.9348314385213256
2023-10-09,1.246679257012383,1.1697410287529588,1.831063761770968,0.9337849317775028
2023-10-10,1.2521171901681152,1.1738052858144647,1.8390507418096476,0.9379020794277304
2023-10-11,1.24503612291768,1.1756174642636865,1.8286504038205427,0.9395376392967326
2023-10-12,1.2381430382428689,1.1669953100258816,1.8185261657826748,0.9372392333083333
2023-10-13,1.2338976989999868,1.1620379004453683,1.8122908115002154,0.9340327404100711
2023-10-16,1.237834510794004,1.1652891303360062,1.8180730152004778,0.935044334567139
2023-10-17,1.2267461549979568,1.154924545487772,1.8017869605785202,0.9273501107533956
2023-10-18,1.2192376051971714,1.148961965345129,1.7907587563581189,0.9266082306647928
2023-10-19,1.2206303767811781,1.1486241682787457,1.792804393647385,0.9266082306647928
2023-10-20,1.204322667584893,1.135812817440474,1.7688523986343485,0.9197232682797206
2023-10-23,1.1936651577590984,1.1258342125192444,1.7531991502763895,0.9193553789724088
2023-10-25,1.1775141463580978,1.123416595497289,1.72947730560305,0.9193553789724088
2023-10-26,1.1882817767113265,1.132001682853246,1.7452922938039375,0.9193553789724088
2023-10-27,1.200313092786008,1.1405524171781525,1.7629633240603932,0.9277444682453337
2023-10-30,1.1916860957191797,1.1325603894998604,1.7502923971855615,0.922056480085762
2023-10-31,1.1868368554418463,1.1265581878833917,1.743170061513414,0.9213188349016934
2023-11-01,1.1959903936092826,1.1350215121972067,1.7566143471515232,0.9229632527116329
2023-11-02,1.2033184410723632,1.14219247337243,1.76737743804175,0.9278800433538104
2023-11-03,1.2146437927167133,1.1524856447201985,1.7840115810008452,0.9330724352801113
2023-11-06,1.212036354015896,1.1500116390156465,1.780181897873248,0.9306962082311697
2023-11-07,1.2093443257592449,1.1494057352912286,1.7762279735910471,0.925950219233738
2023-11-08,1.2009204171520993,1.1411694587277588,1.7638553334783211,0.920414499820364
2023-11-09,1.200594566145869,1.1415861447506872,1.7633767388711767,0.9199236357738855
2023-11-10,1.1997547997653737,1.140917752577239,1.762143329572811,0.918385313011134
2023-11-13,1.2200098217810813,1.159951266667844,1.7918929516975233,0.9225917014817124
2023-11-15,1.2324242388806728,1.171754547741919,1.8101266626915178,0.9312416166353203
2023-11-16,1.226699544502762,1.1663116682040726,1.8017185012789931,0.929545276655937
2023-11-17,1.2270028031514788,1.1664679505059348,1.8021639132957452,0.9298978825639901
2023-11-20,1.2331610726413793,1.1724789079360702,1.8112088894070826,0.9307905481597734
2023-11-21,1.2369796191077613,1.175875053187626,1.8168173905655816,0.9318701480126752
2023-11-22,1.2362483042995984,1.1764035950734855,1.8157432698275155,0.9296314594982205
2023-11-23,1.2339262739358552,1.1756472370095505,1.8123327810198557,0.9313727030405321
2023-11-24,1.234228084896061,1.1756996638197308,1.8127760667399233,0.929985315682793
2023-11-28,1.249556364690592,1.190301060127191,1.83528952198848,0.9340603990059548
2023-11-29,1.24322135952366,1.1842664677076826,1.8259849648407183,0.9289512722142688
2023-11-30,1.2487937703804561,1.189854391407362,1.8341694593914903,0.9280223209420545
2023-12-01,1.274035751377856,1.210854875591692,1.8712436919333983,0.9382399492175333
2023-12-04,1.280928040029505,1.2195570920226948,1.8850662637785454,0.944795278661971
2023-12-05,1.2900391703570226,1.229826720663571,1.8988515902765144,0.9488707859491676
2023-12-06,1.2882446533286156,1.2287575191693052,1.8962101809368073,0.9479752287702509
2023-12-07,1.300038567972654,1.2323671980526538,1.913570036429583,0.9508603882836927
2023-12-08,1.3023807066882676,1.2314695692800928,1.9170175083567802,0.9519143221276465
2023-12-11,1.2980302677600706,1.223427817429981,1.9070445111779422,0.9498745396661177
2023-12-12,1.2879324955861469,1.222384611922765,1.8919144940052692,0.9454308006881955
2023-12-13,1.3135357732858246,1.2300397777817367,1.9299029320428818,0.9473987695909281
2023-12-14,1.3449882752338156,1.256999628929746,1.9779005616737335,0.9702031212472912
2023-12-15,1.3470500378101937,1.2584237118928203,1.971935981721197,0.9672773654236603
2023-12-18,1.3475821396423633,1.2587468693960138,1.9688368264926552,0.9693505294540172
2023-12-19,1.3357743319705258,1.2506057093073493,1.9523729849244942,0.967004922823867
2023-12-20,1.3441649996074252,1.2585201828294976,1.9646368175402897,0.9700846261730249
2023-12-21,1.3487538701392097,1.2605568290945641,1.968044508385567,0.9699323981658448
2023-12-22,1.3514015284215688,1.256397778361766,1.965387744979419,0.9667322266557242
2023-12-26,1.3565853327455693,1.266476304242071,1.9819397758165718,0.9704041634522645
2023-12-27,1.3573020946392167,1.2663305261399365,1.9844017491042982,0.9712214416079468
2023-12-28,1.3507193980282919,1.2629638323813246,1.9728305156363393,0.9679569691947504
2023-12-29,1.3542320014125313,1.261785874959377,1.9761761919614893,0.9663069254410476
2024-01-01,1.345971897328763,1.25929278550058,1.9656877691963133,0.9600982006343736
2024-01-02,1.3277484024856836,1.2521666884444718,1.9351918803432662,0.9542811492381996
2024-01-03,1.334791984053303,1.2522043065095896,1.945844931340909,0.9543098181133135
2024-01-04,1.344708867740867,1.2561856177352808,1.9607451668457612,0.9573439910289397
2024-01-05,1.3299088407354944,1.245160220473624,1.9399492685472273,0.948941492490401
2024-01-08,1.3289368507883874,1.2441640922972452,1.9378921800199926,0.9481823392964087
2024-01-09,1.3403592345443245,1.2556408374933863,1.9549361918634125,0.9478271809590301
2024-01-10,1.3355448374003094,1.2622330436914586,1.9585885620233232,0.9520450812109472
2024-01-11,1.3693311177519198,1.2738831191935038,2.0112545856082815,0.9606856192666343
2024-01-12,1.3845005402865218,1.286107665841339,2.040402127908612,0.9705243676743697
2024-01-15,1.378873477207064,1.2798258031965082,2.0264013560760845,0.9636707469907604
2024-01-16,1.348380823468457,1.2804149539828757,1.9819944357301482,0.9466411103815233
2024-01-17,1.343544477992878,1.2738675761520155,1.9748854575727695,0.9472274068020217
2024-01-18,1.3515365332165488,1.2732755540145833,1.9866330356365227,0.9544589333173109
2024-01-19,1.3353775735398319,1.264782533175744,1.9628808673996168,0.9539037862843878
2024-01-23,1.344454449159425,1.2665478562206451,1.970141503715544,0.9479881680790961
2024-01-24,1.3459079013264903,1.2630117953012512,1.9666823959963446,0.9450800706855539
2024-01-25,1.347851550301138,1.2640916512488243,1.9983115701821614,0.9589875587153167
2024-01-29,1.3457646743671345,1.2612241033641702,1.9832174239159104,0.9521710623577512
2024-01-30,1.3565978014292743,1.2670595141202765,2.001848321003473,0.9538969811431706
2024-01-31,1.3583315869119181,1.2677223475610317,2.004807131757401,0.9545437609097853
2024-02-01,1.3678304413683235,1.269209802250016,2.028011426921033,0.9612421676531535
2024-02-02,1.3636726638692716,1.265799806455477,2.0214952379108984,0.9580358010187857
2024-02-05,1.3814833441119534,1.2641577856947162,2.0459568309039433,0.9654985807463677
2024-02-06,1.3795800312268118,1.2542345110493247,2.0307150415791297,0.9578710317202882
2024-02-07,1.367851402330844,1.244066746622312,2.0169150760773347,0.9581641161205751
2024-02-08,1.3701718676756103,1.251096684343788,2.0232922065849266,0.959358061795112
2024-02-09,1.3644609457518102,1.248093982849596,2.0125320760006695,0.9530482888053916
2024-02-12,1.374400094496107,1.250834835542629,2.03081002679967,0.9527907042055672
2024-02-13,1.3725819626712805,1.2491801626193597,2.0241880437727446,0.9489216503304112
2024-02-14,1.3783060317042002,1.2542847586590793,2.030395812523386,0.9458491518334118
2024-02-15,1.3832415428473033,1.2564493898995965,2.0405564615206586,0.9496980875484552
2024-02-16,1.39047237970331,1.2534280865456207,2.0488013847702455,0.9515995685820635
2024-02-19,1.3964543889523209,1.2604576444351063,2.0498944100680028,0.9513658985044806
2024-02-20,1.3855723555409398,1.258600670194223,2.0347403269778215,0.9495837485489742
2024-02-21,1.3953087081399274,1.265679979190124,2.0533409285726445,0.9513346030309251
2024-02-22,1.393968223493583,1.2640968221897253,2.05177893510119,0.9498993848340834
2024-02-23,1.3849719033931434,1.2590172683056393,2.0385372702164277,0.9485654674129479
2024-02-26,1.3935483566406766,1.2665740413164743,2.051160933951794,0.9480889748277266
2024-02-27,1.38439520085652,1.2599284081010125,2.0376884229496675,0.9463707708385135
2024-02-28,1.3846245581240655,1.2595448485170533,2.038026013435757,0.9453856384991061
2024-02-29,1.4018651455443005,1.277911690790565,2.0634023982782708,0.9529396540872923
2024-03-01,1.3977865632369488,1.2792859979450417,2.064518432276917,0.9557249551243157
2024-03-04,1.386440240146467,1.270874973046062,2.0485858204641243,0.9551468676499126
2024-03-05,1.395115979062708,1.27453778305486,2.0614049779086474,0.954996839018738
2024-03-06,1.3885276708320946,1.275298873872995,2.0565762252453252,0.9519958024507442
2024-03-07,1.3782665724009775,1.2698641592997162,2.041789621484776,0.9496523586274588
2024-03-11,1.3923831851561146,1.2821085640709293,2.062702233015177,0.9526829378450886
2024-03-12,1.3809632076023404,1.2739820449158632,2.048916973773711,0.9444881982295341
2024-03-13,1.3906092147013578,1.2796191031313464,2.0636384112121915,0.9430313306267999
2024-03-14,1.3847450702201292,1.2758832910103373,2.0541110091527535,0.9405973823984243
2024-03-15,1.3778824336089939,1.2698281079669642,2.044341894470962,0.9374331517918356
2024-03-18,1.3577775895165374,1.261115193849586,2.0145126622683547,0.9354947819177194
2024-03-19,1.356444070672425,1.255970256382866,2.012534141914521,0.9328531731030261
2024-03-20,1.3600094647202328,1.2590540072269378,2.0178240594317507,0.9329492188235308
2024-03-21,1.350090463992458,1.2592517807284644,2.003107398383997,0.9296218286331346
2024-03-22,1.3374891153029747,1.2485191807398235,1.9844109810232844,0.9262198776751158
2024-03-26,1.3457854020382691,1.2562520369733456,1.9967200475501599,0.9258493897240458
2024-03-27,1.3532967106558025,1.259542701831426,2.0078644547322035,0.9269827387917062
2024-03-28,1.3612522000493945,1.2617372520249186,2.019667885751889,0.9320100350816573
2024-04-01,1.3542856400222274,1.2539009670280108,2.009331713247983,0.9283513216470294
2024-04-02,1.3549075454619315,1.2577426298151217,2.01025442429631,0.9261473214221461
2024-04-03,1.3669582264106503,1.268292218864577,2.0281338248311163,0.9340654207378386
2024-04-04,1.3684716157967052,1.2694427145093206,2.0303792162005787,0.9350866722427489
2024-04-05,1.3728432315225148,1.268744839719838,2.036865311789585,0.9350039087704998
2024-04-08,1.375667907162832,1.271101580107303,2.041056237378691,0.93524346571233
2024-04-09,1.3810743810637334,1.273870738912511,2.050352462460019,0.9351010652744316
2024-04-10,1.3712244652204109,1.2715466942757947,2.036139280590951,0.9301759463411282
2024-04-12,1.3527507274990853,1.257407805698574,2.008707518696534,0.9268189905898461
2024-04-15,1.3381289233759697,1.2592602229817087,1.986995515677833,0.9266336267917281
2024-04-16,1.3348535303244877,1.2562289859577167,1.978698084011297,0.9242961235874672
2024-04-18,1.3411863882581132,1.2529764678739599,1.9884812309914632,0.9226995395049191
2024-04-19,1.3543470019209336,1.2529167010540283,2.0034306967714346,0.9242347926708335
2024-04-22,1.352924970729542,1.254933463588212,2.0017278297323498,0.9234569506418054
2024-04-23,1.3483437769208313,1.2495768983119455,1.9949496983956585,0.9208010648576623
2024-04-24,1.3571167049752924,1.2502997351530507,2.007929733959186,0.9229873996213739
2024-04-25,1.3504191191878256,1.2449426016603433,1.998020282841906,0.9178100019091036
2024-04-26,1.3733025924915347,1.2449790116875301,2.031877655825621,0.9170757539075762
2024-04-29,1.365475378221864,1.2373851931769715,2.0172879712736846,0.9095737118190178
2024-04-30,1.366577768492872,1.2331485353512763,2.019320047493234,0.9087902580512202
2024-05-02,1.3578283884689202,1.2277505517275316,2.006391549099039,0.9058081577031026
2024-05-03,1.3639701315681068,1.2323199709937953,2.015466879645663,0.9069856144556314
2024-05-06,1.361025868396239,1.2380677756265643,2.0111162969089005,0.9069715665337399
2024-05-07,1.3552395233191206,1.2361723965078142,2.002566119315403,0.9047992890233015
2024-05-08,1.3435693474372865,1.2292900445805375,1.9853217145992712,0.9011405662663615
2024-05-09,1.341087628331651,1.22623020375229,1.9816546088861557,0.8989459656718167
2024-05-10,1.3494925538806624,1.2304656285901614,1.9940741250308713,0.901554967466897
2024-05-13,1.3506740845710727,1.230579037287626,1.9935848613249383,0.8985812966279652
2024-05-14,1.3441051150295629,1.223759563153953,1.9842878283142475,0.8940206813914143
2024-05-15,1.3612051554593674,1.2360570030563403,2.0095324328538235,0.8943709823994679
2024-05-16,1.357406832842633,1.2324809269697394,2.0039250103002453,0.8911598224752079
2024-05-17,1.3513189447263312,1.22799978861118,1.994937526989425,0.890032714803964
2024-05-21,1.358359845701619,1.2354846977834832,2.0053319328654284,0.8928945644065135
2024-05-22,1.3826670537747414,1.2568518222828986,2.0412164009628047,0.904575858341275
2024-05-23,1.381031250480618,1.2509705945323528,2.038801482270992,0.9033247591619531
2024-05-24,1.380808354002311,1.252768651415417,2.03847242261343,0.9038524322700227
2024-05-27,1.3774046373145918,1.2496451218168672,2.0334475525203475,0.9034747065779638
2024-05-28,1.3587678281623063,1.2403796992651157,2.0059342329548,0.9006730268035653
2024-05-29,1.3506018878474504,1.2370828132298353,1.993878943682909,0.9004928921982046
2024-05-30,1.3531423019295767,1.2425129955075602,1.9976293294865746,0.9033067110925511
2024-05-31,1.3870090253331309,1.2526328167783782,2.0476264065627077,0.9239836144643621
2024-06-03,1.3846700150855045,1.216634671852656,1.9602910484872673,0.8858144417715516
2024-06-04,1.4205126198327518,1.2465543484288935,2.012209953496173,0.8867827633093632
2024-06-05,1.4375862220310267,1.2606449284965513,2.0388465516052454,0.8978121102000431
2024-06-06,1.467194179525429,1.2863565440754923,2.0812455984559506,0.916482655903216
2024-06-07,1.456652463378012,1.2771141372139803,2.0662919538476543,0.9098977742649262
2024-06-10,1.4516630739875584,1.2727397103092697,2.059214400751565,0.9066238369677831
2024-06-11,1.451484592807206,1.2711666342938495,2.0589612214681416,0.9071632996670803
2024-06-12,1.4551535339305457,1.2740453115449575,2.064165691108564,0.9058227378360025
2024-06-13,1.4556798373026865,1.2742513022045274,2.0649122634382575,0.905884982135885
2024-06-14,1.46130192487764,1.2791726813635376,2.0758798731707677,0.9071854183342299
2024-06-18,1.4728530194639198,1.2892841062395792,2.092704173335639,0.9148122500758041
2024-06-19,1.4738889618855977,1.2893190913616313,2.103973115447411,0.9183631060901954
2024-06-20,1.4750645656387225,1.2879738600559558,2.1055854352401964,0.9177435190958216
2024-06-21,1.475681344812217,1.289480526142564,2.106886975648855,0.9186335426742582
2024-06-24,1.4895403266675549,1.2998700424669345,2.1369091949384047,0.9279601538015626
2024-06-25,1.5078453599348278,1.3147149371299085,2.1607907866663085,0.9379596329321627
2024-06-26,1.519455298837585,1.3197612587033454,2.1827568935568786,0.9437339829466593
2024-06-27,1.5234496833682105,1.3229667299745713,2.177093618142863,0.942470975165204
2024-06-28,1.5282068785325298,1.330196113897296,2.2005560618669,0.9412733185007143
2024-07-01,1.5322030123195551,1.332706186116374,2.2135175510044625,0.9452698871439329
2024-07-02,1.525728810570143,1.3292709697921827,2.2197223879116152,0.9457948533542757
2024-07-03,1.5303296712313423,1.3356865245267622,2.2339427249107504,0.9484344170287686
2024-07-04,1.522133297620433,1.3280850383018015,2.22170337363854,0.9513508596147678
2024-07-05,1.5180623377164262,1.324888405376848,2.22406352555951,0.9526950499560012
2024-07-08,1.5176903698598545,1.3269445087245202,2.2241157933665443,0.9527603372826879
2024-07-09,1.5084149488820957,1.3186293381511287,2.206886578533916,0.950206804628977
2024-07-10,1.5076059430291062,1.318782934725813,2.205898584135237,0.9498267219071255
2024-07-11,1.5302172804292538,1.3289159474902668,2.253651434276178,0.9688341163568707
2024-07-12,1.5294920502838574,1.328467604722955,2.2497209711477053,0.9672205490611391
2024-07-15,1.531590399856388,1.3297587766345262,2.25280657919653,0.9640998763144973
2024-07-16,1.5421182348632578,1.3284141095448916,2.2813254021734704,0.9748473659329353
2024-07-18,1.5401517115830796,1.3267201037202545,2.2782625498131113,0.9742491137105113
2024-07-19,1.5325734505349484,1.3322740462778566,2.2725127790156128,0.9756098586529661
2024-07-22,1.522973733071739,1.3249985367107249,2.2648165040011357,0.9753528486185604
2024-07-23,1.5206339997557494,1.3255927373258836,2.2614731436658895,0.9748262319673413
2024-07-24,1.5161007966615399,1.3193015859108304,2.2541939254708705,0.9747418630652723
2024-07-25,1.522123373843455,1.3242785352052961,2.2833178957622495,0.9774862169181396
2024-07-26,1.5232800725536666,1.323483968084173,2.2824547998673252,0.9765302346572429
2024-07-29,1.5230636992876045,1.3198186880712046,2.281965481861201,0.9745279424747318
2024-07-30,1.5229189026431937,1.3208699419994008,2.281675655744424,0.9728483229749817
2024-07-31,1.5280586459433987,1.316820766323616,2.286776298313179,0.974792942815613
2024-08-01,1.525209622632382,1.3135754977685545,2.262898037590177,0.9697117642591071
2024-08-02,1.4911238302745298,1.3011821683587068,2.195557303551613,0.9642507358763813
2024-08-05,1.4894985381776946,1.3013266459724462,2.193603305961847,0.964057885729206
2024-08-06,1.4986633829846265,1.3069880977147523,2.2176986316438057,0.9661862793092213
2024-08-07,1.494997922146322,1.2996789739408876,2.200267875416539,0.9580124980569621
2024-08-08,1.5118171177286255,1.3093529310959284,2.2254616327806955,0.9581208747951832
2024-08-09,1.5159257379151108,1.313390033621061,2.2315097033319993,0.9599582345546458
2024-08-12,1.5051086884691323,1.3028719401643598,2.2155865283397196,0.9522705483631052
2024-08-13,1.5152523585724622,1.3048573025267807,2.2305184591703884,0.958472249760674
2024-08-14,1.5443572954707072,1.322796932546281,2.2733622129763127,0.9701307009282657
2024-08-16,1.550631641175181,1.3251769189959495,2.2825983272340262,0.9736840522427742
2024-08-19,1.5578407490261041,1.3276115438039817,2.293210452695942,0.9764994262994552
2024-08-20,1.5569548398778161,1.3259975777819404,2.2919063552647616,0.9755535131725493
2024-08-21,1.5600699297747558,1.3303723809848618,2.296491905307162,0.9737564028697588
2024-08-22,1.5568555833078186,1.3294015056621644,2.2917602452057206,0.9723787539156471
2024-08-23,1.5672443369400588,1.3385383595261175,2.310969757322681,0.975015806338793
2024-08-26,1.5673639706438427,1.3386845869404231,2.316964477454095,0.9769600151038159
2024-08-27,1.5661513298169234,1.343138600852583,2.325600168029098,0.9799859613218911
2024-08-28,1.570659639150542,1.3464676922813374,2.331508941878958,0.9792628895690911
2024-08-29,1.5698861233593588,1.3475360595016632,2.3371925932697133,0.9788439799182252
2024-08-30,1.5725929175237008,1.3479102650751318,2.3383332310803056,0.9788695157286673
2024-09-02,1.5764302330136228,1.3494760259246235,2.33943952795547,0.9780663428331409
2024-09-03,1.5724237501461027,1.347721178912452,2.330173381507766,0.9762316822956059
2024-09-04,1.5697454902283083,1.3437942899754698,2.326670505151896,0.973493942816804
2024-09-05,1.5534818651261042,1.3310245649056047,2.295495653171076,0.9689463685662959
2024-09-06,1.5597068486454557,1.3380621735331497,2.305153071851178,0.9685587900188695
2024-09-09,1.5678130317837313,1.3381526997096647,2.3171335238049617,0.9689850758961857
2024-09-10,1.563529873637176,1.3360650865308716,2.308336851096627,0.9662481784055823
2024-09-11,1.5869029199981968,1.3392205035777838,2.343305607296576,0.9654751798628578
2024-09-12,1.5848109123373864,1.335779474667658,2.3391592998044337,0.9628013671280137
2024-09-13,1.588686939974494,1.336375610500726,2.3453480956122434,0.9616330367731554
2024-09-16,1.5896439067934973,1.3369133190949236,2.346760847394888,0.9616426570024761
2024-09-17,1.576673623877566,1.3273449925492888,2.327613067192881,0.9572236546753237
2024-09-18,1.5769625034972201,1.3283402904872526,2.3298239299395616,0.9587392565853752
2024-09-19,1.5986071070099472,1.3449524795721635,2.3622678999768927,0.972208789670287
2024-09-20,1.5967866683492673,1.346258404413637,2.359727777335601,0.9719075994902633
2024-09-23,1.5953861781174654,1.346742818425097,2.360342553954162,0.9719094343533975
2024-09-24,1.5973398992946735,1.3490029949406754,2.366183351736661,0.9723603135875618
2024-09-25,1.6000366328971296,1.35109604364809,2.373667357808775,0.9743444920959584
2024-09-26,1.6026431869935935,1.3483601830820056,2.3698103397120214,0.9725663919473293
2024-09-27,1.5795907834262537,1.32256995277607,2.3244827223517546,0.9608632371986905
2024-09-30,1.5823196239732773,1.3245638667421573,2.328963306231302,0.9602867192563712
2024-10-01,1.5513463145057091,1.302388136260101,2.2833747284688797,0.9534158562150485
2024-10-03,1.543730543511323,1.29573405734678,2.2721653299846167,0.9528438067013195
2024-10-04,1.5354283030560247,1.2914594757590807,2.2599455400717883,0.9549903487878264
2024-10-07,1.5492301350011353,1.2972431311565784,2.2802599946686533,0.9555212902896242
2024-10-08,1.543364202334907,1.2894096635110033,2.271626124665724,0.9511523685967059
2024-10-09,1.540744778522723,1.291420411644919,2.2677706824089148,0.9473847000821544
2024-10-10,1.5306726851425736,1.2848109666153666,2.2529459051996175,0.9455169363173357
2024-10-11,1.5426762337987,1.291132534796164,2.270613526798395,0.9473340087133769
2024-10-14,1.540070024431422,1.288434832319228,2.2667775344408554,0.9462638371013039
2024-10-15,1.5344175092593304,1.2886038065413497,2.258457786506073,0.9402372686780974
2024-10-16,1.5359256562096595,1.2956048540661016,2.2606775775359673,0.9368631717996493
2024-10-17,1.5344586846169117,1.283434659066512,2.258518391137069,0.9293719328319432
2024-10-18,1.5363205216324995,1.2853281476448484,2.2612587667386803,0.9325971612647658
2024-10-21,1.5250295006335333,1.278752738718888,2.2446398907555536,0.9271760091894543
2024-10-22,1.5313340496228078,1.283724762293232,2.253919345447197,0.9242935318986134
2024-10-23,1.5313257397643691,1.2827238153751594,2.253907114444629,0.9232031235797321
2024-10-24,1.5286765620879488,1.2824588287875414,2.250007878470688,0.9205560553950258
2024-10-25,1.5407186803707489,1.2920483883917615,2.2677322694123325,0.9269994064135881
2024-10-28,1.5524362521816777,1.3018747570644202,2.2849789712621504,0.9317917459478473
2024-10-29,1.5444086379714073,1.2905336376924605,2.266860751849677,0.9271835198493412
2024-10-30,1.5204132396992496,1.270482682356752,2.232094024066131,0.9197168020185146
2024-10-31,1.5239240743257003,1.2734163943746812,2.2372482234538813,0.9193345212402938
2024-11-01,1.5070497792425497,1.2618026336534345,2.2124753444549587,0.9106812885802175
2024-11-04,1.5190062327886502,1.2651198574073386,2.23002842003496,0.9091589382089824
2024-11-05,1.5479761331434663,1.2908562766299165,2.274734368675284,0.9192718939213473
2024-11-06,1.5329343119944217,1.2785710831482429,2.253540467149299,0.9112505226007511
2024-11-07,1.5287052204794505,1.2773079911012084,2.247323352173338,0.9105325542480238
2024-11-08,1.5395256099056165,1.2819918690639218,2.263230221274894,0.914216609706558
2024-11-11,1.5331758745200377,1.2834239849279534,2.253895584079335,0.9098575576149327
2024-11-12,1.5136759658709147,1.2665872105112816,2.225229102480825,0.9036819973741438
2024-11-13,1.5193248566248365,1.2713139901813124,2.233533439991482,0.9031397881757193
2024-11-14,1.5011357199091138,1.2635345666102102,2.2067939017538243,0.9024366517447098
2024-11-18,1.505788553362434,1.2669455314447218,2.2136339524930637,0.906008066563551
2024-11-19,1.505331042276497,1.2665605891999292,2.213137275938195,0.9079537306275136
2024-11-21,1.5467399897488467,1.301401391279858,2.274459326347308,0.9259938769347796
2024-11-22,1.5640332538369577,1.3128535461549564,2.3053529049232893,0.9382010903645916
2024-11-25,1.5749034666615374,1.318890147593059,2.322297516611893,0.9414885632649183
2024-11-26,1.5765879086410295,1.32099430006828,2.324781335784724,0.9392979878229888
2024-11-27,1.5468197288996601,1.305709070415165,2.2808862200834543,0.9299383387675592
2024-11-28,1.5579276473530808,1.314563257494662,2.297265567761054,0.9295663634320521
2024-11-29,1.5687103528083248,1.323661592986643,2.313165367736828,0.9350704978345187
2024-12-02,1.5766571743877995,1.3338002725766411,2.3308832214740858,0.942232736447345
2024-12-03,1.5839122331890108,1.3393616869464833,2.342075061950226,0.946756909250411
2024-12-04,1.5990175035231786,1.3487859935982538,2.378565617978044,0.9546637713518833
2024-12-05,1.5940999514793308,1.343286018705277,2.3644669072600175,0.9486232314542324
2024-12-06,1.5907243523708254,1.3400396792424656,2.3608786915840514,0.9476746082227782
2024-12-09,1.5925493491930458,1.3427569347202328,2.3635872665193425,0.948532397879712
2024-12-10,1.5931602256329391,1.3435809677621309,2.364493900763035,0.9500349884530536
2024-12-11,1.5931609200576837,1.3433128372070193,2.364494931395765,0.9510817512873029
2024-12-12,1.6008220721676887,1.349462077814528,2.382001949096911,0.9549657553782733
2024-12-13,1.5990372802011623,1.348488516674996,2.36812498316292,0.9490203700786792
2024-12-16,1.5825070616789612,1.339844350191463,2.336952171635288,0.9465197885150762
2024-12-17,1.5774900140900774,1.3425627290730533,2.330010685015,0.9463304845573732
2024-12-18,1.55144730738949,1.328516901244867,2.2915446507852484,0.9358622214564514
2024-12-19,1.5304465436096595,1.313527325095527,2.260525751417631,0.9353007041235775
2024-12-20,1.5413181146862387,1.3179267481628698,2.276583461162273,0.9363332402349016
2024-12-23,1.540170849215416,1.3171065952861838,2.2748889079279007,0.9341197476073763
2024-12-24,1.53629905612059,1.3149080695772228,2.2692318416372017,0.9321615176950934
2024-12-26,1.5420239309283037,1.3174173929704678,2.2781417683183394,0.9332544104481422
2024-12-27,1.5306992878048322,1.312430442428429,2.2614110665481353,0.9261117723377813
2024-12-30,1.5190694652550787,1.3029420756399548,2.244229501478147,0.9253708829199111
2024-12-31,1.5244034870807164,1.3032835407081844,2.2521098317832617,0.9260689673555338
2025-01-01,1.549961761106044,1.3072956341579325,2.2898688901320985,0.9408546605230936
2025-01-02,1.5298048253724494,1.2946862351015536,2.2600896134976782,0.9286190380692315
2025-01-03,1.5141915708205955,1.2816670813111655,2.2370230406510743,0.9229552866367517
2025-01-06,1.5179890922730608,1.2846251088317826,2.2426333895331036,0.9227706955794244
2025-01-07,1.5233559039070559,1.289166868067402,2.25056216255723,0.9215898958281147
2025-01-08,1.508021378689625,1.2762073576472608,2.2279073764060646,0.9146554057934615
2025-01-09,1.5246826544193468,1.2928449171164882,2.2525222655735093,0.9141066125499854
2025-01-10,1.5155912951087258,1.2894625156829453,2.2390909530232253,0.9143902972149927
2025-01-13,1.513327833439941,1.2870209813094105,2.235746979907619,0.9117333923681634
2025-01-14,1.5181423173519875,1.291115495182783,2.242859759854119,0.9104918400633657
2025-01-15,1.519525944435925,1.2922922111910309,2.2449038906801544,0.9078180803668912
2025-01-16,1.5013229779855892,1.276811362146974,2.218011352019718,0.9071194323872002
2025-01-17,1.5027944902704573,1.2762446120453894,2.220185321911828,0.907188434189885
2025-01-20,1.479722420230778,1.2623481513591743,2.186099309765883,0.8960249837868742
2025-01-21,1.5038547866738583,1.2746139640690615,2.2217517732975285,0.8954873687966021
2025-01-22,1.5014566085935002,1.2713454978999537,2.218208774033282,0.8931638591226497
2025-01-23,1.4985812268108405,1.2686565239522913,2.2139607677555877,0.8946929465863881
2025-01-24,1.480683010909994,1.260481970284958,2.1875184587847074,0.8884311515470333
2025-01-27,1.493296102829689,1.268113576978914,2.2061526777183897,0.8908179112619666
2025-01-28,1.5087378636673783,1.280007033938349,2.2289658906881424,0.8968713848041296
2025-01-29,1.513132961719637,1.27958736273692,2.2354590820374347,0.8993046828617104
2025-01-30,1.5208067169195163,1.2847940017320725,2.2467960670803135,0.9017660502596436
2025-01-31,1.5124511914463874,1.279366688524148,2.234451854260527,0.8960550353219625
2025-02-01,1.5066655419224568,1.2750712894278866,2.22590430219408,0.8947949943534722
2025-02-03,1.5361150067204128,1.2878363737356178,2.269412093782279,0.8978466406409513
2025-02-04,1.5358613682148565,1.2895117257681639,2.269037375555167,0.8969801136992411
2025-02-05,1.5412594997242723,1.2931567378341489,2.2770124196616957,0.8968870685155842
2025-02-06,1.5260115783809884,1.2817509380992678,2.2544855795812984,0.8898198377791602
2025-02-07,1.5180851971135274,1.2748369407684463,2.2427753720580283,0.8891079819089368
2025-02-10,1.5023529649970733,1.2695749583095346,2.2195330251822587,0.8841319591318486
2025-02-11,1.4956076151525748,1.2673837544802011,2.2095676394872257,0.8837783063481959
2025-02-12,1.4869852921125544,1.2601709546436621,2.196829267621895,0.8826591608541539
2025-02-13,1.4934346575784452,1.2653982219070867,2.206357374515898,0.882482629021983
2025-02-14,1.4925831445431512,1.2647851624310393,2.2050993736683995,0.878930393011501
2025-02-17,1.4909337923643062,1.2613036740364356,2.202662668236058,0.8788824503899897
2025-02-18,1.4831273733455097,1.2596305360984839,2.191129689485846,0.8755183503536522
2025-02-19,1.476813410442268,1.258473989376936,2.181801622440331,0.8702707219547768
2025-02-20,1.4714530855465147,1.256574280314648,2.173882432736562,0.8680959617933119
2025-02-21,1.4451970474797362,1.241695388995948,2.1350925178780584,0.860758970537318
2025-02-24,1.4419357653077096,1.239619927824825,2.130274393473275,0.8604146669491031
2025-02-25,1.443517905162391,1.2400938330011748,2.132611801352607,0.8612054289460555
2025-02-27,1.4200235062944677,1.2231372521467214,2.097901852752571,0.8629003410296031
2025-02-28,1.4129500081996245,1.2263656384061106,2.0874516702782424,0.8596545085692701
2025-03-03,1.4128791337717148,1.2255683037801173,2.0873469624385725,0.859442348684359
2025-03-04,1.4192263627177202,1.2310740561315543,2.096724175778102,0.8585707709778896
2025-03-05,1.433272474331058,1.2432580206145671,2.1174754967576295,0.8664309995319565
2025-03-06,1.4374222787687103,1.2468576694904734,2.123606298381491,0.8687663216191487
2025-03-07,1.435492024177939,1.2464221021739708,2.1207545958115595,0.8656232865013461
2025-03-10,1.4365628956764616,1.2471026438214385,2.1223366705383877,0.8652295876932011
2025-03-11,1.425060076259612,1.2371168669721773,2.10534273624116,0.8660347142237639
2025-03-12,1.4220487842420875,1.234502717429769,2.1008939400946587,0.8639669714769993
2025-03-13,1.4256857381488688,1.23686336504651,2.106267071106639,0.8652382106606321
2025-03-17,1.4256857381488688,1.23686336504651,2.106267071106639,0.8647190677342357
2025-03-19,1.4472103085994021,1.2534222747347403,2.1380668519044317,0.8710008804057697
2025-03-20,1.4508943436904835,1.2525541035553813,2.1435095393028627,0.872869709843024
2025-03-21,1.4690204989395241,1.2609491800363062,2.17028859930552,0.8835780332055232
2025-03-24,1.4735930271481943,1.2681315092485477,2.1784663709429264,0.8867306901909399
2025-03-25,1.4617274629953858,1.2628539478484608,2.157796680440858,0.8807027560481848
2025-03-26,1.4673553840381206,1.2641598004064203,2.1672100017021316,0.8801743343945558
2025-03-27,1.4589833951015063,1.258106411813267,2.156388631183638,0.874899250205615
2025-03-28,1.4408617004017354,1.2424797635791258,2.106235446264256,0.8647178862431959
2025-04-01,1.451393586024348,1.247957623407323,2.122473332525266,0.8643719990886987
2025-04-02,1.4286654822802716,1.2280509264395354,2.0890590883229962,0.8574522680879239
2025-04-03,1.4055610370154414,1.208436439377244,2.0561103502866787,0.856937796727071
2025-04-04,1.3643974880654004,1.1814469188306724,1.9958946806559745,0.8448454147601867
2025-04-07,1.3804917901723086,1.1933713169935891,2.0194380631709885,0.8445074765942827
2025-04-08,1.372034435431015,1.1858216506346562,2.0070663097133483,0.8384892336691486
2025-04-09,1.3884402713785167,1.19778553189168,2.0310654162682584,0.8441384715819846
2025-04-11,1.4150529176748479,1.2137031619774192,2.069995449228331,0.8591081736731119
2025-04-15,1.4178282289221762,1.215840829875532,2.074055284433365,0.8606213014471842
2025-04-16,1.4441898607704522,1.222036340356526,2.1126181235177355,0.8706101245717764
2025-04-17,1.4601476486944882,1.235833611442597,2.137315460579585,0.8804396554149349
2025-04-21,1.4592087697452347,1.2337358988169886,2.136368623959171,0.8800496182289476
2025-04-22,1.4765705955757635,1.2515466825309771,2.1617873719327467,0.8771117008135603
2025-04-23,1.4696581095010348,1.2504247072019523,2.1516670802583873,0.8729512447395958
2025-04-24,1.4747357336088245,1.2488375700216887,2.1591010246349924,0.872266515702101
2025-04-25,1.4738445236224864,1.2540310637184802,2.1912158806197413,0.87454533715448
2025-04-28,1.479389845480703,1.2527176425586788,2.2070584226059182,0.8788705593946294
2025-04-29,1.478301672565804,1.252930771438911,2.2099881621798305,0.8781938873648483
2025-04-30,1.4785744916249999,1.2519185164258873,2.213991047017185,0.8800304708124136
2025-05-02,1.4850126746476149,1.2550592572591164,2.2243003598308118,0.8812164844739802
2025-05-05,1.4831335781113821,1.2542825702955724,2.222170440899811,0.8795726860913454
2025-05-06,1.48306597433586,1.254697602478713,2.2190328321063615,0.8783818905929376
2025-05-07,1.4813958561484246,1.2544725014472375,2.2168804556037744,0.8763230653800174
2025-05-08,1.464037024134012,1.2538469252915236,2.181956065789971,0.8653427562580145
2025-05-09,1.5378748949470542,1.2775216110376886,2.2924381644884515,0.8646504820530081
2025-05-12,1.5363370200521071,1.2581982736141437,2.2422506424097834,0.8448563503615678
2025-05-13,1.5398530476160739,1.2639014089752263,2.25193189390297,0.8440114940112062
2025-05-14,1.5617316235131817,1.2777518527968443,2.2843782314097822,0.8507044408856599
2025-05-15,1.5561575937989556,1.2746501773133698,2.277373039637497,0.8477554195984844
2025-05-16,1.5424794500914283,1.2626644134837968,2.2578111099439973,0.8453676926270602
2025-05-19,1.5312852139458968,1.2566010332732815,2.2414254973284,0.8429539582213946
2025-05-20,1.5395192114309733,1.2620438688756193,2.2534780475260408,0.8434702340581085
2025-05-21,1.5252128006982,1.2538128040682766,2.2325369756083804,0.8349572759763422
2025-05-22,1.5394930861858864,1.2637115466581774,2.25343980658312,0.8341223187003658
2025-05-23,1.5476076442579996,1.271789574757922,2.2682951663437874,0.8387869840983361
2025-05-26,1.5339174714028943,1.2665771288641292,2.2486834341075945,0.831534812520571
2025-05-27,1.5333009035398828,1.2667790057000035,2.2477795615294376,0.8307032777080505
2025-05-28,1.5382991497907068,1.269375352173783,2.25510686156569,0.8321382114294901
2025-05-29,1.536260022630278,1.266095357736903,2.2521175537631644,0.8305358689134833
2025-05-30,1.530723368499449,1.2641467781562432,2.2440009616671164,0.8281026223738618
2025-06-02,1.5190140296073888,1.263893948800612,2.2268353729820576,0.8261670792931313
2025-06-03,1.5261947971474537,1.2651586103341783,2.237362192913741,0.8260018458772727
2025-06-04,1.5363702933701278,1.2677590477491711,2.252279207822519,0.8281005985439222
2025-06-05,1.5439558711579762,1.2685528302293627,2.265367077400904,0.8319378180889015
2025-06-06,1.5444414449025599,1.268045409097271,2.267031498361399,0.8323826757208503
2025-06-09,1.5454892651879395,1.2660488835196941,2.269022963354988,0.8343281374522974
2025-06-10,1.5547412484120293,1.271037725017312,2.2826063397425824,0.8380978609995229
2025-06-11,1.54711088199522,1.264545512542951,2.265562906760814,0.8321064370218559
2025-06-12,1.5375440215173743,1.256725949881235,2.2520064712968373,0.8314407518722384
2025-06-13,1.5535760997932262,1.2652514787601548,2.275488299147155,0.8337164170524012
2025-06-16,1.5517907728879456,1.2660534518256943,2.2778408008837596,0.833911377297932
2025-06-17,1.5442907277764373,1.263203127023965,2.2648869943532346,0.8296673870370053
2025-06-18,1.5394177472773067,1.2592171131900987,2.258193163215536,0.829289713017186
2025-06-19,1.5565170360600895,1.2711395211267877,2.283276346187424,0.8354505513738703
2025-06-20,1.5391352042191273,1.2564360819736293,2.2577786968996687,0.8256196941133858
2025-06-23,1.539952591073028,1.2571033361130686,2.258977732969277,0.8247940744192723
2025-06-24,1.5582809164828861,1.2720652246488993,2.285863806750701,0.8262846803826643
2025-06-25,1.5730995060565647,1.2845897459409858,2.308370003259894,0.8339243572482237
2025-06-26,1.5828182437916491,1.2916011063318333,2.323092976416032,0.83911034855195
2025-06-27,1.577547998622201,1.2871583081712874,2.3112848193910116,0.8343051364662688
2025-06-30,1.579778213801696,1.285045211502362,2.315014591823734,0.8320808999144672
2025-07-01,1.574575117269687,1.2799179108467489,2.304944789171062,0.8285945001996896
2025-07-02,1.5733418053840282,1.2786594104873223,2.303600392172334,0.8291068322490849
2025-07-03,1.5854240091976204,1.2842083486296891,2.3212904893578616,0.8313783134225325
2025-07-04,1.5810739930587754,1.2823225144625454,2.3179025483745352,0.8296660835132995
2025-07-07,1.5858208611036493,1.2846222691048346,2.324615874448614,0.8285825291764443
2025-07-08,1.580228762802487,1.2775113706114452,2.3135359201450414,0.8270647427671041
2025-07-09,1.5737744692561628,1.2757281412189956,2.304000882781448,0.8263226929205676
2025-07-10,1.550012290165743,1.2634660521637158,2.2696739273610955,0.8261574283819835
2025-07-11,1.53886687862595,1.263156142642188,2.253353766455228,0.8261574283819835
2025-07-14,1.548672248971698,1.2701942111152893,2.2677117128812423,0.8268979039813467
2025-07-15,1.5514581528270492,1.2680081983011184,2.271791095596298,0.8277238908809182
2025-07-16,1.5393979950511656,1.259214693647802,2.2541314771291066,0.8230759754126203
2025-07-17,1.5349382324262963,1.2553148021566705,2.247601072811601,0.8225821298273728
2025-07-18,1.5370524882000547,1.2512985138657229,2.250696965170596,0.8266818085380004
2025-07-21,1.5338388138080503,1.2481817754164977,2.245991200561607,0.8277764098348658
2025-07-22,1.5447488043543853,1.2546709922865897,2.2619666358842037,0.8317365688520455
2025-07-23,1.530082886358167,1.2440111085439503,2.2404914179726907,0.8235073280165675
2025-07-24,1.5171997986251398,1.2332879036639788,2.2216267879842206,0.8226838206885508
2025-07-25,1.513810301046156,1.2305326789615718,2.2166635665112797,0.8226838206885508
2025-07-28,1.5190238769097635,1.234770644227088,2.224297775143705,0.8227705261884158
2025-07-29,1.5182027523281163,1.2341031757665304,2.2230954072232025,0.8218058973506744
2025-07-30,1.5089041884630816,1.2272238061827432,2.20947957456157,0.8197785112680992
2025-07-31,1.4955319781297904,1.2170775935183704,2.189898725211392,0.819450599863592
2025-08-01,1.503972191576209,1.226389907057834,2.2022576803772576,0.8213798732858962
2025-08-04,1.488582265379717,1.2141875659068404,2.179722301494259,0.8159445032467557
2025-08-05,1.4819299242194133,1.208410292823029,2.169981317256103,0.8154549365448076
2025-08-06,1.4835148705946484,1.2094610237740846,2.172302144959832,0.815560355791381
2025-08-07,1.470917158697786,1.199190522392536,2.1538553891385233,0.8111795387603541
2025-08-08,1.479732651619016,1.2035010312317667,2.1667638638435927,0.8106928310370979
2025-08-11,1.4725605765623804,1.1974271153312606,2.1562618363020034,0.8059528136583374
2025-08-12,1.4749309537267823,1.1978507820849273,2.1597327657147503,0.805146860844679
2025-08-13,1.4801948470906268,1.2011537511480233,2.167440653968365,0.806639545314338
2025-08-14,1.4817491750181464,1.2019346011730865,2.1697166472582525,0.8066673919511549
2025-08-18,1.4898465211651217,1.208502838683059,2.181573543843661,0.8100131375990345
2025-08-19,1.5065096335197954,1.2220192769844818,2.205973241768667,0.8188226313937844
2025-08-20,1.5131531456377407,1.2274082235231383,2.2157012976917563,0.8187284182541676
2025-08-21,1.4972472427900962,1.2169482963826233,2.1924103772174566,0.8096309044909741
2025-08-22,1.5146961582307519,1.230887218977708,2.217960722003529,0.8088212735864831
2025-08-25,1.5036855572745054,1.2219396766493917,2.201837963446371,0.8057549667424475
2025-08-26,1.4835191280845512,1.205551835558326,2.172308379177385,0.8021914612869554
2025-08-28,1.4682827846283277,1.1931703289952367,2.1499978906023482,0.7985481288529088
2025-08-29,1.4786439668048181,1.201931729409936,2.1651697090400615,0.7983884192271382
2025-09-01,1.4757348368090313,1.2019483858811852,2.160909887008563,0.7958772203430259
2025-09-02,1.4755664746138586,1.2002573948231519,2.1606633552312595,0.7959510681285347
2025-09-03,1.4732212278722001,1.2006757298823885,2.1572292241494977,0.796192932380002
2025-09-04,1.4685002884995315,1.1965880277724223,2.1503163802483356,0.7960839692044634
2025-09-05,1.4648178244746908,1.195286373042768,2.1449241697228745,0.796600501262804
2025-09-08,1.4818281519128271,1.2060318089641493,2.1698322926630382,0.796194482852525
2025-09-09,1.4937380408282825,1.2153092336821858,2.187271873317128,0.8015812216049442
2025-09-10,1.4921032726588919,1.21326531911622,2.1848780918517248,0.8003833272200099
2025-09-11,1.5019228011611547,1.2179975786052013,2.1992567699834846,0.8018058064088841
2025-09-12,1.497683526159563,1.213565231635391,2.19304922440267,0.7991030259516612
2025-09-15,1.5031995773160465,1.2177921463725758,2.20112634583667,0.799716379717528
2025-09-16,1.5091997320644563,1.2226530719874433,2.209912337327835,0.8026465306865339
2025-09-17,1.5172149577487843,1.2291464738198243,2.2216489854002766,0.8047386358291503
2025-09-18,1.5075218183202188,1.2223682499042254,2.207455378049629,0.79927544924741
2025-09-19,1.485887040196318,1.2045812998860774,2.175775699027981,0.7984761737981626
2025-09-22,1.4805334176873155,1.201749329547949,2.1679364209121172,0.7984761737981626
2025-09-23,1.4715345012900234,1.1960832993155344,2.1547593602842614,0.7984761737981626
2025-09-24,1.4579463660833178,1.1925150460887408,2.1348623334053203,0.7984761737981626
2025-09-25,1.4413458681838436,1.1819964312996603,2.110554321460705,0.7984761737981626
2025-09-26,1.4377936389165393,1.1775337229740002,2.1053528129287002,0.7977600439234295
2025-09-29,1.435376277632902,1.1753804476455973,2.1018130849450616,0.797558475781815
2025-09-30,1.4491388756541264,1.1864150914720402,2.12196557670252,0.7999486317801618
2025-10-01,1.4454871756150636,1.1841069603632322,2.116618413701433,0.7972928740448284
2025-10-03,1.4645447726976542,1.192653687642319,2.1445243416033875,0.7998958001148293
2025-10-06,1.4671273207062343,1.1982811937373026,2.148305951541852,0.7993596515544562
2025-10-07,1.473733542225771,1.197439617852842,2.157979403059879,0.795602232290852
2025-10-08,1.4829408898362304,1.2026300163993398,2.1714616682936443,0.7981420953019938
2025-10-09,1.4836824683394103,1.201381857970448,2.1725475573568716,0.7976011553404585
2025-10-10,1.474552174007169,1.193508234133711,2.159178120787562,0.7934852948859836
2025-10-13,1.4705441855652934,1.1898692072562185,2.1533092467628814,0.7928505066500748
2025-10-14,1.4725564249514227,1.1912594073293532,2.156255757122369,0.7940071987434549
2025-10-15,1.4860370955633815,1.1976858755595507,2.1759954242239985,0.7984975476147713
2025-10-16,1.486728745203241,1.200664550775466,2.1810323144638053,0.8034854417397792
2025-10-17,1.5063305014067245,1.2053118494547772,2.196339937307689,0.8038808994577887
2025-10-20,1.505451668033649,1.2057284266843227,2.1975382994720123,0.8047970176596028
2025-10-21,1.515842475196797,1.2119322896611229,2.213625238514705,0.8107835184318692
2025-10-23,1.5134977869184498,1.2121708339036026,2.2106439526679216,0.8075064176010941
2025-10-24,1.5253156279233384,1.215965524413685,2.2279053183447353,0.8103030508059534
2025-10-27,1.5179526503448006,1.210727702404969,2.219149221575228,0.8081759392326185
2025-10-28,1.5226101510173178,1.2131457481915853,2.231565904249042,0.8104258406421874
2025-10-29,1.5149600868432473,1.2068078997108755,2.21184629987956,0.8041223537848632
2025-10-30,1.5067635304256553,1.2065134903450323,2.20076404128754,0.8034790559018353
2025-10-31,1.5048887077428907,1.2032220674770722,2.19802569365654,0.8011533445752734
2025-11-03,1.4919500198694777,1.194275915335894,2.1791275729904482,0.7962889902619438
2025-11-04,1.4945661319809436,1.1941454515707555,2.1829486406939282,0.7958112168677866
2025-11-06,1.4988322545986457,1.189969563226359,2.184334364112795,0.7925576810452688
2025-11-07,1.5134077846625087,1.1958180356655426,2.2060129884244315,0.7964529502162625
2025-11-10,1.5231724899234054,1.1997179323462746,2.221902307562466,0.8017117151617008
2025-11-11,1.538756963784538,1.2053835175706265,2.2450802777278858,0.8100748417276347
2025-11-12,1.5393348884369484,1.20056412263377,2.2459234825156957,0.8106837094097664
2025-11-13,1.5312620606329628,1.1973919102945731,2.2341450490692303,0.8086881302716123
2025-11-14,1.5352337238506244,1.1988272444242571,2.2399397931188814,0.8089152986851842
2025-11-17,1.5271337912185836,1.1920226701363927,2.2281218131317146,0.8046705636574574
2025-11-18,1.5470873948653083,1.198425975993591,2.2572345600249486,0.8039738693822842
2025-11-19,1.557031443437261,1.2061478607902223,2.2708826578462142,0.8048339724214982
2025-11-20,1.5520208158144662,1.2014143658242338,2.264204363004741,0.802207138226082
2025-11-21,1.549332344848739,1.1995695682398955,2.2607350608053007,0.8013982253038107
2025-11-24,1.5391457738900953,1.1926144155045724,2.2458711497844313,0.7977761782968775
2025-11-25,1.556925659716165,1.2075711501795403,2.2810743571603314,0.800427065282087
2025-11-26,1.5618969553556965,1.2107659354771292,2.2861327531495466,0.8015617105100445
2025-11-27,1.5587546278152435,1.2090279494023186,2.28364689867253,0.7999030851163875
2025-11-28,1.557716701507393,1.207129332330468,2.2817183655532016,0.7987512562659947
2025-12-01,1.545441137277884,1.2001612387348866,2.26419366021856,0.7958407047033655
2025-12-02,1.5593193806348706,1.2052701756678055,2.2845263858500306,0.7976118656674791
2025-12-03,1.5559426756900594,1.2103308182145358,2.2930321016960056,0.8004346922777787
2025-12-04,1.5588366530509044,1.214465584735775,2.305866360406819,0.8024245043647791
2025-12-05,1.557649792606715,1.2129053180843867,2.303749530264821,0.8012064083690293
2025-12-08,1.544192652881895,1.2085294608019947,2.2847680458073496,0.7991530698452808
2025-12-09,1.5362597365292103,1.201595815255364,2.273030602452176,0.7989932392313117
2025-12-10,1.5431465465686207,1.2026858361773491,2.283220240050972,0.7996756248881854
2025-12-11,1.5465583860847583,1.2035141046059497,2.2933303875040827,0.8020312052101257
2025-12-12,1.5446497993555388,1.2035702899949365,2.294349813654788,0.8022273161062253
2025-12-15,1.5415132431406757,1.1998493890491904,2.282155816346263,0.7991113043178445
2025-12-16,1.5380361294496487,1.1945812080754266,2.2779209348766423,0.7970406320448925
2025-12-17,1.5484771891490574,1.2022128689067457,2.293384751373652,0.8019917254543617
2025-12-18,1.5532258541370283,1.2031002582005703,2.304858101568274,0.8025836995458978
2025-12-19,1.5700004895825495,1.2102031778679945,2.334166884996845,0.810600875951519
2025-12-22,1.5685959562097298,1.2038882701163733,2.327127263976566,0.8079940621247809
2025-12-23,1.5651695643274022,1.2012585342818354,2.3225093855136096,0.8074449624242438
2025-12-24,1.5565534340546192,1.1946457044271273,2.3097241615471917,0.8045599843110868
2025-12-26,1.5472278296198734,1.1874883572809163,2.2958861696011934,0.8026737117004044
2025-12-29,1.5408391944259916,1.1864428227521995,2.2864062604995947,0.8025131769580643
2025-12-30,1.5421166871395378,1.1848237227414073,2.288301894611552,0.8025131769580643
2025-12-31,1.5454560234068315,1.1877120206173233,2.295230081943752,0.8019693782182272
2026-01-01,1.557623832828266,1.1970632110074326,2.3172047407772216,0.8052289934159294
2026-01-02,1.548150315248328,1.191771934342336,2.2928872526240447,0.7964565710543429
2026-01-05,1.543064599209027,1.187618576624088,2.2858136328698633,0.8004303098766051
2026-01-06,1.5467450505525568,1.19346592678477,2.2970680481986,0.8065999982412876
2026-01-07,1.526883115015683,1.1769199957296836,2.2680305402044922,0.8004066003913517
2026-01-08,1.519365320648877,1.1758089389772646,2.2568636165210654,0.7966617002594724
2026-01-09,1.5218192917596145,1.1760215425015232,2.2605087425750496,0.796660497536113
2026-01-12,1.5241181343302792,1.1773276183860402,2.2639234408621127,0.7971677422730649
2026-01-13,1.5143126212374505,1.1748991723308497,2.2439504241760293,0.788998130532597
2026-01-14,1.514009758713203,1.174194232827451,2.2439504241760293,0.788366932028171
2026-01-16,1.491675301575303,1.1575982056069067,2.2108479859124026,0.784430347886553
2026-01-19,1.477824654794592,1.1461365497891607,2.1903196078489056,0.783959689677821
2026-01-20,1.472003093150678,1.1441284579795319,2.1816913307555463,0.7819760061480752
2026-01-21,1.4745116563288974,1.1465564104955661,2.1854093328195634,0.7826653464616196
2026-01-22,1.4721951467186944,1.1460972115305863,2.181975977986474,0.7836404112409678
2026-01-23,1.4799393298769121,1.148922472674529,2.1934538188542563,0.7845336608804783
2026-01-27,1.4878915814443439,1.1528590872504652,2.2052400429358365,0.784345481075539
2026-01-28,1.4846004289236003,1.1471673866494845,2.200362146309049,0.7827988466110722
2026-01-29,1.472172556484595,1.1459014358746948,2.1819424964549996,0.7782035541575086
2026-01-30,1.4725011444549911,1.1454696594787073,2.18242950462077,0.7771789466079985
2026-02-02,1.5069453714108727,1.1682950173137827,2.2334801251621843,0.7795995702593421
2026-02-03,1.5142282704919616,1.170738194742736,2.1839347586232143,0.7616820064861592
2026-02-04,1.5030512577285822,1.163606687211503,2.1691247846866006,0.7581455342280833
2026-02-05,1.4963319393242347,1.1585189834014242,2.159427816594443,0.7576906469075464
2026-02-06,1.4939552851409754,1.156105524119822,2.1559979538621983,0.7574594814958339
2026-02-09,1.4977668460196705,1.159314324990753,2.1614985987189903,0.7587055810515837
2026-02-10,1.4853865431545397,1.148110083889395,2.143631994603796,0.7517803580571704
2026-02-11,1.4507061696527042,1.1210747211622238,2.0935830975231324,0.7491519381391305
2026-02-12,1.4268046198622153,1.1026041143451784,2.059089633793014,0.7472387209703906
2026-02-13,1.4374278744362172,1.1052501730406028,2.074420557919531,0.7470892732261966
2026-02-16,1.4425543177049691,1.1035212915375479,2.078533163814054,0.745755093198591
2026-02-17,1.439501348339789,1.1044212202165806,2.074965645271084,0.7421964896920311
2026-02-18,1.423863053680524,1.097198076224297,2.0524238642536328,0.7362826990794226
2026-02-19,1.4231535293637922,1.0973306555107558,2.0514011221885418,0.7359881859997909
2026-02-20,1.4230912635955242,1.0945233660063456,2.051311369351435,0.7364131830671015
2026-02-23,1.3941841734376983,1.0744516466590235,2.0096433159998903,0.7325755218405944
2026-02-24,1.3997596127506526,1.0783186727385112,2.0176800191575617,0.7291754062918345
2026-02-25,1.401266698873486,1.0779840523382853,2.01985240470826,0.7299577662803717
2026-02-26,1.391427633012818,1.0739737070700508,2.0056699076470434,0.725057334263839
2026-02-27,1.3757347610406567,1.063281967476347,1.9830494562973962,0.7232280553340968
2026-03-02,1.3692588225556126,1.0599426682004258,1.9737147308434373,0.7230834097230301
2026-03-04,1.3783158766899148,1.0667417413937648,1.9867699990428818,0.7227618186575056
2026-03-05,1.3641781334102339,1.053221813823016,1.9663911840866934,0.720521381322469
2026-03-06,1.3535861803310576,1.0448335893035523,1.9511234396132604,0.7229296100500443
2026-03-09,1.3550826282415729,1.0480102689421922,1.95328049073922,0.7192532212490802
2026-03-10,1.3337500999649015,1.0313022569534593,1.9225307708088302,0.7141560043018143
2026-03-11,1.3233306146156494,1.0232455462118744,1.9075116295165775,0.7138703419000936
2026-03-12,1.3065778845604963,1.010291749007686,1.8833634483641013,0.7125482154342745
2026-03-13,1.320794116616304,1.0212842371843798,1.9038554007718036,0.7124057057911877
2026-03-16,1.32054819423324,1.0210940813908052,1.9035009165631924,0.7127381022397704
2026-03-17,1.3346851230168444,1.0320252495019118,1.9238785574660329,0.7133450509272952
2026-03-18,1.2889231003534438,1.0109407736408385,1.8579150034935503,0.696048697948964
2026-03-19,1.2989290862080092,1.0138604486717389,1.8723381069656222,0.6954918589906047
2026-03-20,1.2803458731392707,0.9988047269777813,1.8455513806170456,0.6941295091613261
2026-03-23,1.300174328401604,1.0140732510170727,1.8741330582344982,0.6962267513629278
2026-03-24,1.3059384815842077,1.0166586514900842,1.8824417825311281,0.6987564003905555
2026-03-25,1.279283028850519,1.0008176005894875,1.8440193463553367,0.6836254462117274
2026-03-27,1.257202929997637,0.98314341697775,1.8121920426735723,0.6811739618518869
2026-03-30,1.2773335553245029,0.9988857377260726,1.8412092825804645,0.6810377270595166
2026-04-01,1.2870096463481697,1.0064525234573254,1.8551568599674397,0.6855157043838582
2026-04-02,1.2906524398607668,1.0103381092684085,1.8623190171526205,0.6926747853847376
2026-04-06,1.3071021038261872,1.0234171698557086,1.8864271677160567,0.7016522332967401
2026-04-07,1.3435394454695724,1.0549583347706233,1.9445658350644814,0.7186299261154729
2026-04-08,1.327883262293033,1.0430869530020181,1.9226837543780853,0.7103995014217969
2026-04-09,1.3300919100599753,1.0448219034565454,1.9258817246373912,0.7062805586029938
2026-04-10,1.3152516085501378,1.0331644593700848,1.904393987399281,0.7024441918990225
2026-04-13,1.3401267091107498,1.0527044999641515,1.940411424394323,0.7018512779238909
2026-04-15,1.334132187167929,1.0524716906933933,1.9399822956419528,0.701264931754144
2026-04-16,1.3401930957514574,1.0575490190759116,1.9493411480066718,0.701181646137931
2026-04-17,1.3382656384775629,1.056451078341499,1.9473173542977682,0.7005414423595139
2026-04-20,1.3448477825511407,1.066875071789535,1.966531517412934,0.7034476927830716
2026-04-21,1.3261169282140948,1.0488191367177497,1.9332496774544203,0.6902055416785171
2026-04-22,1.3056547670520335,1.0328454813089973,1.903806026890053,0.6876202017932954
2026-04-23,1.2675305866008602,1.0026871358556206,1.8482162597136464,0.6874826777529368
2026-04-24,1.2828808908728682,1.014830079613915,1.870598900611614,0.6882123604657201
2026-04-27,1.2716599039458962,1.009589413870899,1.8609389745074447,0.6865602546164573
2026-04-28,1.28129088321782,1.0174375071878228,1.8754050758040484,0.6897568519417915
2026-04-29,1.2781683957002004,1.015932422076741,1.8726308078643479,0.6916486764549659
2026-04-30,1.2779127620210604,1.015932422076741,1.8726308078643479,0.6915103467196749
2026-05-04,1.2734513185067613,1.0123856031935239,1.8660930872775296,0.6877606106534399
2026-05-05,1.2812095828614358,1.018553373428865,1.877461910938968,0.6836599556038189
2026-05-06,1.2760804129247743,1.014475716336878,1.8699457158373765,0.6809281592169246
2026-05-07,1.2710739101382953,1.0104955788398886,1.862609275012737,0.6805196023213944
2026-05-08,1.2649080964310289,0.999177543807252,1.841747157980112,0.6801295827634387
2026-05-11,1.2329802422969929,0.974156894948261,1.795627517669466,0.6770541006219937
2026-05-12,1.2241587073790423,0.9671871489867694,1.7827804416958524,0.6769186898018693
2026-05-13,1.2242633310329607,0.9672698103712288,1.7829328083806786,0.6769186898018693
2026-05-14,1.2264857088940648,0.968703782376431,1.7855759961520337,0.6734637629715157
2026-05-15,1.2350487792178828,0.975660813199219,1.798399634778886,0.6767612316836216
2026-05-18,1.245092832149247,0.9835953895622972,1.8130251470885326,0.6833317265908873
2026-05-19,1.2497590288603353,0.9876397527293298,1.819819766541816,0.6827105872056612
2026-05-20,1.246259392406504,0.9846765875622587,1.8147238180850962,0.6814115368967255
2026-05-21,1.2515139339443744,0.9888282305205705,1.8223751479286192,0.6833603315169047
2026-05-22,1.26693199083205,1.0010101243827152,1.844825943672375,0.6908946956832328
2026-05-25,1.2562110497850723,0.9925394482859763,1.829214789855778,0.6850046976737243
2026-05-26,1.2465525237702688,0.9849081923090216,1.815150657369833,0.6844566939155853
2026-05-27,1.2465525237702688,0.9847112106705598,1.815150657369833,0.6843198025768021
2026-05-29,1.2463926554646585,0.991642204561804,1.8282898171742403,0.6889504947709726
2026-06-01,1.2608229866839096,1.014387853010412,1.870225948222627,0.705605455643113
2026-06-02,1.2652880366842336,1.0177773056330635,1.8316681363004927,0.6892956176842068
2026-06-03,1.2583951181776658,1.014026071578185,1.825649802277919,0.6900593170415035
2026-06-04,1.2491854854007192,1.008289923588107,1.8153224569192103,0.6898976316523265
2026-06-05,1.2309478546157844,0.9937709339464468,1.7891825071570522,0.688458678097491
2026-06-08,1.2353222012535123,0.9973024389791577,1.7955406192859424,0.6883209863618714
2026-06-09,1.2378826459829393,0.999369541611117,1.7992622252851367,0.6888935243037192
2026-06-10,1.2337599171413745,0.9960411730893093,1.793269839582184,0.6894193503134876
2026-06-11,1.2566888034602781,1.0145521609317643,1.826596972130118,0.6947726055219036
2026-06-12,1.2609191460548579,1.0194574651808728,1.8354284686601434,0.6977149295344178
2026-06-15,1.2748443487514876,1.0309199309351158,1.8560654610653606,0.7047160407758308
2026-06-16,1.2827113846882936,1.037281714750198,1.8675191994747327,0.7089238844791577
2026-06-17,1.2764823270908814,1.0333054922183884,1.8603604191608172,0.706206359352936
2026-06-18,1.244589402579213,1.008134962908737,1.8150434661303323,0.7051104445388819
2026-06-19,1.2535701122438963,1.0158256502351959,1.8297310739401702,0.7055873466506426
2026-06-22,1.2365376398483148,0.9963841604732708,1.7916291554267516,0.6903298806445035
2026-06-23,1.2495556589480359,1.016902104425817,1.8288814304524257,0.689639550763859
2026-06-24,1.2439687431321378,1.016108450272124,1.8274540567282753,0.6884116732729507
2026-06-25,1.2439687431321378,1.016108450272124,1.8274540567282753,0.6881363086036416
2026-06-29,1.223304134076668,0.9993938020667588,1.7973930414286776,0.6821115178340139
2026-06-30,1.2164100043984312,0.9939614342916246,1.7876230188236593,0.6817022509233135
2026-07-01,1.2394732472762375,1.0159161044360463,1.8271081259584436,0.6829565061179989
2026-07-02,1.2457172818136848,1.0226884266211493,1.8392880341634419,0.6861632479280113
2026-07-03,1.252518104939776,1.0305178792357004,1.8533691737687579,0.6911418807334585
2026-07-06,1.2616237946450957,1.036316966821081,1.8637987358203165,0.6882424161522211
2026-07-07,1.2377533340434543,1.0216652595536526,1.8292803878435155,0.6846982866681262
2026-07-08,1.2354974336139097,1.0195988631693422,1.825946383967951,0.6844244073534589
2026-07-09,1.2532046605763714,1.0342118182347344,1.8521159624409975,0.6902799893295546
2026-07-10,1.270486648517327,1.0499059302383686,1.8802217284415081,0.7004788412390861
2026-07-13,1.2645769849005248,1.044754128428918,1.8746641152388313,0.7000138624304351
2026-07-14,1.2642055866577886,1.044656241591082,1.8748634039201124,0.699772228973339
2026-07-15,1.2653562079467047,1.0456070392492,1.8765698176309262,0.6991960681813887
2026-07-16,1.290639407549409,1.0664994103564855,1.9140657329863053,0.7109321469178083
2026-07-17,1.2881763194517535,1.0537469282808625,1.891178623331633,0.7022891124124532
2026-07-20,1.2726453776169033,1.0406238413745974,1.8687557993296495,0.7020062321978806
2026-07-21,1.2564852324662505,1.0272017980869834,1.8450261999460087,0.6998566917059111
2026-07-22,1.2530691160981926,1.0209847553615037,1.8400099657410431,0.6997167203675699
2026-07-23,1.2506163687608167,1.0200241744043719,1.838646816975336,0.700288076988459
2026-07-24,1.2582250370371328,1.024806681619771,1.8611658708148644,0.7029331364079364
2026-07-27,1.260322332833955,1.033545203730114,1.8774082572626436,0.7095753553681486
2026-07-28,1.27871447138616,1.0486279377988084,1.9127909973636943,0.718572307650643
2026-07-29,1.283265296898375,1.0508815027175205,1.9172842592103878,0.7198291341166568
2026-07-30,1.2717189917910443,1.0416362698432393,1.9004167632874358,0.7199488700638301
2026-07-31,1.3049392540294753,1.068846235460344,1.95006007572221,0.724596431846677
2026-08-03,1.2915756058573225,1.0599511089127418,1.9283198920018232,0.716083533345851
2026-08-04,1.2875965495217447,1.0522114358567678,1.9150107917332746,0.7153674498125051
2026-08-05,1.297461332893245,1.0553815367099733,1.9207803330420783,0.7141275608117569
2026-08-06,1.2979930886417423,1.0596273337565782,1.9285076270883907,0.7111786969671919
2026-08-07,1.29798828522634,1.0591390729439893,1.9276189989159294,0.7093432524383781
2026-08-10,1.2980949478479011,1.0608166880464183,1.9306722360468396,0.7096230537235015
2026-08-11,1.285842728152297,1.051016210058941,1.9128354967085324,0.7020280658560658
2026-08-12,1.2801654550757593,1.0463757467256478,1.904389915279679,0.6977567600952785
2026-08-13,1.2785941862954044,1.0450914302829322,1.9020524764684401,0.696515487543109
2026-08-14,1.2685766599793489,1.036903350736069,1.887150280805602,0.696313685885537
2026-08-17,1.2578700476515285,1.028152029236957,1.8712229922953028,0.6955239015351589
2026-08-18,1.2550272835347236,1.025828423789167,1.8669940613441531,0.694227343968636
2026-08-19,1.2622547032165587,1.0317359388189584,1.8777456599761957,0.6956214320879491
2026-08-20,1.263331596108731,1.032616164573936,1.8793476591205702,0.6957975288144694
2026-08-21,1.2620279364293823,1.0315505852263243,1.8774083189075805,0.6938231120393906
2026-08-24,1.2687338079208654,1.0370317995971117,1.8873840560210198,0.6947017373465876
2026-08-25,1.2580518014798932,1.028300590344524,1.8714933715313837,0.6883542809173385
2026-08-26,1.247210250856526,1.0194389736025549,1.8553653471488536,0.6891928215868196
2026-08-27,1.2657545579612561,1.034596633979411,1.882952087047258,0.6872632773949886
2026-08-28,1.2693039629181682,1.0374978302642308,1.88823222562496,0.6854890864693476
2026-08-31,1.275674937846797,1.042705308424091,1.8977097664822566,0.681700685789678
2026-09-01,1.267938810455175,1.03370414781327,1.8813277741179453,0.6774331282988911
2026-09-02,1.263206251767854,1.030052606599161,1.87468201776786,0.6760684417348637
2026-09-03,1.2659154375045083,1.0322617500592228,1.8787026294266378,0.6760626407678623
2026-09-04,1.2504590198987438,1.0196581683232857,1.855764278619645,0.6742099300580274
2026-09-07,1.2372453933186698,1.008883419162264,1.836154378728399,0.6711510737918417
2026-09-08,1.2108291179479027,0.9873428724271451,1.7969508707148225,0.6710168435770834
2026-09-09,1.2113651224554522,0.9877799450266336,1.7977463370215632,0.6710168435770834
2026-09-10,1.2122810699123403,0.988526833402269,1.799105663912358,0.673698903405174
2026-09-11,1.2122810699123403,0.988526833402269,1.799105663912358,0.673698903405174
2026-09-15,1.2058599786087516,0.9832909015619885,1.789576337735863,0.6686450015020643
2026-09-16,1.201603050305226,0.9798196868739549,1.7832587732602454,0.66585294707137
2026-09-17,1.1917755538064523,0.9718060799346772,1.768674115418231,0.6584111827494651
2026-09-18,1.1994736279839542,0.9780832982125571,1.780098569035215,0.6595473248369071
2026-09-21,1.192099316971991,0.9720700851928185,1.7691546014699753,0.6562526003955379
2026-09-22,1.1893899605681524,0.9698608025661102,1.7651337365297552,0.6557275983152214
2026-09-23,1.1809916270051144,0.9619561298069167,1.7490247537219517,0.6519005832263034
2026-09-24,1.178985838892556,0.9632266113793965,1.7464040269776642,0.6516398229930129
2026-09-25,1.168307880816765,0.9501685084671614,1.7230779615652487,0.6454279480308664
2026-09-28,1.1629776386759605,0.9460235305611642,1.7155612737174053,0.6466105135804134
2026-09-29,1.1619694688090254,0.9406948226043241,1.7140740764373168,0.6412631995164512
2026-09-30,1.1726646607696292,0.9491651828294692,1.7298510411289811,0.6389855778926394
2026-10-01,1.1724301278374754,0.9491651828294692,1.7298510411289811,0.6384743894303253
2026-10-05,1.1794299633808523,0.9530409068008229,1.74052485306947,0.6415305014618793
